-- phpMyAdmin SQL Dump
-- version 4.9.1
-- https://www.phpmyadmin.net/
--
-- Host: localhost
-- Generation Time: Apr 11, 2020 at 12:39 AM
-- Server version: 8.0.13
-- PHP Version: 7.3.9

SET SQL_MODE = "NO_AUTO_VALUE_ON_ZERO";
SET AUTOCOMMIT = 0;
START TRANSACTION;
SET time_zone = "+00:00";


/*!40101 SET @OLD_CHARACTER_SET_CLIENT=@@CHARACTER_SET_CLIENT */;
/*!40101 SET @OLD_CHARACTER_SET_RESULTS=@@CHARACTER_SET_RESULTS */;
/*!40101 SET @OLD_COLLATION_CONNECTION=@@COLLATION_CONNECTION */;
/*!40101 SET NAMES utf8mb4 */;

--
-- Database: `evaluacion`
--

-- --------------------------------------------------------

--
-- Table structure for table `cadenanumero`
--

CREATE TABLE `cadenanumero` (
  `id_pregunta` int(11) NOT NULL,
  `num` varchar(300) CHARACTER SET utf8 COLLATE utf8_spanish2_ci NOT NULL,
  `resp` bigint(20) NOT NULL
) ENGINE=InnoDB DEFAULT CHARSET=utf8 COLLATE=utf8_spanish2_ci;

--
-- Dumping data for table `cadenanumero`
--

INSERT INTO `cadenanumero` (`id_pregunta`, `num`, `resp`) VALUES
(1, 'Noventa mil trescientos veinticuatro: ', 90324),
(2, 'Un millón doscientos sesenta y cinco', 1000265),
(3, 'Trescientos mil setecientos: ', 300700),
(4, 'Dos mil millones:', 2000000000);

-- --------------------------------------------------------

--
-- Table structure for table `evaluacion`
--

CREATE TABLE `evaluacion` (
  `id_evaluacion` int(11) NOT NULL,
  `fecha` timestamp NOT NULL,
  `resultado` double NOT NULL,
  `id_usuario` int(11) NOT NULL
) ENGINE=InnoDB DEFAULT CHARSET=utf8 COLLATE=utf8_spanish2_ci;

--
-- Dumping data for table `evaluacion`
--

INSERT INTO `evaluacion` (`id_evaluacion`, `fecha`, `resultado`, `id_usuario`) VALUES
(1, '2020-04-10 05:00:00', 0, 57),
(2, '2020-04-10 05:00:00', 0, 57),
(3, '2020-04-10 05:00:00', 0, 57),
(4, '2020-04-10 05:00:00', 0, 57),
(5, '2020-04-10 18:09:23', 0, 57),
(6, '2020-04-10 13:14:37', 0, 57),
(7, '2020-04-10 13:17:59', 0, 57),
(8, '2020-04-10 13:22:52', 0, 57),
(9, '2020-04-10 17:52:28', 0, 61),
(10, '2020-04-10 17:56:21', 0, 62),
(11, '2020-04-10 18:01:35', 0, 62),
(12, '2020-04-10 18:04:19', 0, 62),
(13, '2020-04-10 18:06:27', 0, 62),
(14, '2020-04-10 18:07:46', 0, 62),
(15, '2020-04-10 18:11:56', 0, 62),
(16, '2020-04-10 18:22:50', 0, 62),
(17, '2020-04-10 18:23:23', 0, 62),
(18, '2020-04-10 18:24:21', 0, 62),
(19, '2020-04-10 18:24:57', 0, 62),
(20, '2020-04-10 18:25:35', 0, 62),
(21, '2020-04-10 18:26:07', 0, 62),
(22, '2020-04-10 18:28:47', 0.625, 62),
(23, '2020-04-10 19:32:17', 0, 62),
(24, '2020-04-10 19:39:05', 0, 62),
(25, '2020-04-10 19:46:02', 0, 62),
(26, '2020-04-10 19:46:31', 0, 62),
(27, '2020-04-10 19:47:10', 0, 62),
(28, '2020-04-10 19:48:00', 0, 62),
(29, '2020-04-10 19:48:17', 0, 62),
(30, '2020-04-10 19:48:49', 0, 62),
(31, '2020-04-10 19:51:07', 0, 62),
(32, '2020-04-10 19:51:31', 0, 62),
(33, '2020-04-10 19:52:11', 0, 62),
(34, '2020-04-10 19:53:08', 0, 62),
(35, '2020-04-10 19:53:53', 0, 62),
(36, '2020-04-10 19:54:11', 0, 62),
(37, '2020-04-10 19:54:29', 0, 62),
(38, '2020-04-10 19:54:51', 0, 62),
(39, '2020-04-10 19:55:13', 0, 62),
(40, '2020-04-10 20:07:10', 0, 62),
(41, '2020-04-10 20:07:37', 0, 62),
(42, '2020-04-10 20:08:17', 0, 62),
(43, '2020-04-10 20:08:49', 0, 62),
(44, '2020-04-10 20:09:16', 0, 62),
(45, '2020-04-10 20:09:37', 0, 62),
(46, '2020-04-10 20:10:06', 0, 62),
(47, '2020-04-10 20:16:57', 0, 62),
(48, '2020-04-10 20:17:58', 0, 62),
(49, '2020-04-10 20:20:58', 0, 62),
(50, '2020-04-10 20:21:29', 0, 62),
(51, '2020-04-10 20:22:53', 0, 62),
(52, '2020-04-10 20:23:35', 0, 62),
(53, '2020-04-10 20:24:07', 0, 62),
(54, '2020-04-10 20:24:35', 0, 62),
(55, '2020-04-10 20:24:54', 0, 62),
(56, '2020-04-10 20:25:42', 0, 62),
(57, '2020-04-10 20:27:17', 0, 62),
(58, '2020-04-10 20:28:31', 0, 62),
(59, '2020-04-10 20:29:27', 0, 62),
(60, '2020-04-10 20:30:06', 0, 62),
(61, '2020-04-10 20:31:09', 0, 62),
(62, '2020-04-10 20:31:32', 0, 62),
(63, '2020-04-10 20:32:03', 0, 62),
(64, '2020-04-10 20:32:50', 0, 62),
(65, '2020-04-10 20:33:13', 0, 62),
(66, '2020-04-10 20:33:34', 0, 62),
(67, '2020-04-10 20:34:39', 0, 62),
(68, '2020-04-10 20:34:59', 0, 62),
(69, '2020-04-10 20:35:30', 0, 62),
(70, '2020-04-10 20:35:53', 0, 62),
(71, '2020-04-10 20:36:16', 0, 62),
(72, '2020-04-10 20:36:57', 0, 62),
(73, '2020-04-10 20:38:17', 0, 62),
(74, '2020-04-10 20:38:57', 0, 62),
(75, '2020-04-10 20:39:27', 0, 62),
(76, '2020-04-10 20:39:53', 0, 62),
(77, '2020-04-10 20:40:52', 0, 62),
(78, '2020-04-10 20:41:17', 0, 62),
(79, '2020-04-10 20:44:12', 0, 62),
(80, '2020-04-10 20:46:16', 0, 62),
(81, '2020-04-10 20:46:41', 0, 62),
(82, '2020-04-10 20:47:07', 0, 62),
(83, '2020-04-10 20:47:31', 0, 62),
(84, '2020-04-10 20:48:14', 0, 62),
(85, '2020-04-10 20:48:30', 0, 62),
(86, '2020-04-10 20:49:03', 0, 62),
(87, '2020-04-10 20:51:01', 0, 62),
(88, '2020-04-10 20:53:18', 0, 62),
(89, '2020-04-10 20:54:01', 0, 62),
(90, '2020-04-10 20:54:25', 0, 62),
(91, '2020-04-10 20:55:45', 0, 62),
(92, '2020-04-10 20:56:36', 0, 62),
(93, '2020-04-10 20:57:51', 0, 62),
(94, '2020-04-10 20:58:16', 0, 62),
(95, '2020-04-10 20:59:01', 0, 62),
(96, '2020-04-10 21:00:19', 0, 62),
(97, '2020-04-10 21:00:45', 0, 62),
(98, '2020-04-10 21:02:10', 0, 62),
(99, '2020-04-10 21:03:01', 0, 62),
(100, '2020-04-10 21:04:00', 0, 62),
(101, '2020-04-10 21:04:34', 0, 62),
(102, '2020-04-10 21:05:32', 0, 62),
(103, '2020-04-10 21:06:08', 0, 62),
(104, '2020-04-10 21:06:21', 0, 62),
(105, '2020-04-10 21:06:56', 0, 62),
(106, '2020-04-10 21:07:36', 0, 62),
(107, '2020-04-10 21:08:36', 0, 62),
(108, '2020-04-10 21:11:03', 0, 62),
(109, '2020-04-10 21:11:23', 0, 62),
(110, '2020-04-10 21:12:11', 0, 62),
(111, '2020-04-10 21:13:16', 0, 62),
(112, '2020-04-10 21:17:55', 0, 62),
(113, '2020-04-10 21:25:00', 0, 62),
(114, '2020-04-10 21:25:50', 0, 57),
(115, '2020-04-10 21:29:17', 0, 64),
(116, '2020-04-10 21:32:46', 0, 64),
(117, '2020-04-10 21:36:39', 0, 64),
(118, '2020-04-10 21:39:22', 0, 64),
(119, '2020-04-10 21:40:42', 0, 64),
(120, '2020-04-10 21:41:06', 0, 64),
(121, '2020-04-10 21:42:03', 0, 64),
(122, '2020-04-10 21:43:25', 0, 64),
(123, '2020-04-10 21:43:42', 0, 64),
(124, '2020-04-10 21:44:07', 0, 64),
(125, '2020-04-10 21:55:20', 0, 64),
(126, '2020-04-10 21:56:48', 0, 64),
(127, '2020-04-10 22:22:40', 0, 64),
(128, '2020-04-10 22:32:52', 0, 64),
(129, '2020-04-10 22:34:14', 0, 64),
(130, '2020-04-10 22:37:41', 0, 64),
(131, '2020-04-10 22:42:15', 0, 64),
(132, '2020-04-10 22:44:29', 0, 64),
(133, '2020-04-10 22:46:15', 0, 64),
(134, '2020-04-10 22:46:57', 0, 64),
(135, '2020-04-10 22:52:50', 0, 64),
(136, '2020-04-10 22:53:34', 0, 64),
(137, '2020-04-10 22:57:30', 0, 64),
(138, '2020-04-10 23:02:47', 0, 57),
(139, '2020-04-10 23:43:36', 0, 61);

-- --------------------------------------------------------

--
-- Table structure for table `imagen`
--

CREATE TABLE `imagen` (
  `id_imagen` int(11) NOT NULL,
  `path` varchar(300) CHARACTER SET utf8 COLLATE utf8_spanish2_ci NOT NULL
) ENGINE=InnoDB DEFAULT CHARSET=utf8 COLLATE=utf8_spanish2_ci;

--
-- Dumping data for table `imagen`
--

INSERT INTO `imagen` (`id_imagen`, `path`) VALUES
(1, 'style/images/fracc1.png'),
(2, 'style/images/fracc2.png'),
(3, 'style/images/fracc3.gif'),
(4, 'style/images/fracc4.png'),
(5, 'style/images/fracc5.png'),
(6, 'style/images/graf1.png'),
(7, 'style/images/graf2.png'),
(8, 'style/images/graf3.png');

-- --------------------------------------------------------

--
-- Table structure for table `numerocadena`
--

CREATE TABLE `numerocadena` (
  `id_pregunta` int(11) NOT NULL,
  `num` int(11) NOT NULL,
  `resp` varchar(300) CHARACTER SET utf8 COLLATE utf8_spanish2_ci NOT NULL
) ENGINE=InnoDB DEFAULT CHARSET=utf8 COLLATE=utf8_spanish2_ci;

--
-- Dumping data for table `numerocadena`
--

INSERT INTO `numerocadena` (`id_pregunta`, `num`, `resp`) VALUES
(1, 5724372, 'cinco millones setecientos veinticuatro mil trescientos setenta y dos'),
(2, 963754034, 'novecientos sesenta y tres millones setecientos cincuenta y cuatro treinta y cuatro '),
(3, 120005, 'ciento veinte mil cinco'),
(4, 2060309609, 'dos billones sesenta millones trescientos nueve mil seiscientos nueve'),
(5, 53050, 'cincuenta y tres mil cincuenta');

-- --------------------------------------------------------

--
-- Table structure for table `numfraccion`
--

CREATE TABLE `numfraccion` (
  `numerador` int(11) NOT NULL,
  `denominador` int(11) NOT NULL,
  `id_pregunta` int(11) NOT NULL,
  `id_imagen` int(11) NOT NULL
) ENGINE=InnoDB DEFAULT CHARSET=utf8 COLLATE=utf8_spanish2_ci;

--
-- Dumping data for table `numfraccion`
--

INSERT INTO `numfraccion` (`numerador`, `denominador`, `id_pregunta`, `id_imagen`) VALUES
(2, 5, 1, 1),
(3, 4, 2, 2),
(2, 6, 3, 3),
(3, 8, 4, 4),
(3, 8, 5, 5);

-- --------------------------------------------------------

--
-- Table structure for table `opmatematicas`
--

CREATE TABLE `opmatematicas` (
  `num1` double NOT NULL,
  `num2` double NOT NULL,
  `operador` varchar(11) CHARACTER SET utf8 COLLATE utf8_spanish2_ci NOT NULL,
  `res` double NOT NULL,
  `id_pregunta` int(11) NOT NULL,
  `id_imagen` int(11) DEFAULT NULL
) ENGINE=InnoDB DEFAULT CHARSET=utf8 COLLATE=utf8_spanish2_ci;

--
-- Dumping data for table `opmatematicas`
--

INSERT INTO `opmatematicas` (`num1`, `num2`, `operador`, `res`, `id_pregunta`, `id_imagen`) VALUES
(15871, 19270, '+', 35141, 1, NULL),
(3478, 12311, '+', 15789, 2, 1),
(14414, 3785, '+', 18199, 3, 1),
(7706, 8102, '+', 15808, 4, 1),
(13050, 446, '+', 13496, 5, 1),
(14348, 10260, '+', 24608, 6, 1),
(2327, 5358, '+', 7685, 7, 1),
(5759, 14288, '+', 20047, 8, 1),
(13618, 12219, '+', 25837, 9, 1),
(1728, 4932, '+', 6660, 10, 1),
(16275, 5494, '-', 10781, 11, 1),
(16977, 12483, '-', 4494, 12, 1),
(17833, 6456, '-', 11377, 13, 1),
(18721, 17000, '-', 1721, 14, 1),
(8892, 848, '-', 8044, 15, 1),
(11460, 10379, '-', 1081, 16, 1),
(15581, 8064, '-', 7517, 17, 1),
(11437, 6453, '-', 4984, 18, 1),
(16586, 3356, '-', 13230, 19, 1),
(11746, 10515, '-', 1231, 20, 1),
(18, 37, 'x', 666, 21, 1),
(28, 100, 'x', 2800, 22, 1),
(62, 33, 'x', 2046, 23, 1),
(54, 74, 'x', 3996, 24, 1),
(14, 83, 'x', 1162, 25, 1),
(20, 77, 'x', 1540, 26, 1),
(76, 47, 'x', 3572, 27, 1),
(84, 52, 'x', 4368, 28, 1),
(59, 92, 'x', 5428, 29, 1),
(67, 43, 'x', 2881, 30, 1),
(1728, 64, '÷', 27, 31, 1),
(2352, 28, '÷', 84, 32, 1),
(2820, 30, '÷', 94, 33, 1),
(1850, 50, '÷', 37, 34, 1),
(4000, 40, '÷', 100, 35, 1),
(2584, 38, '÷', 68, 36, 1),
(5040, 90, '÷', 56, 37, 1),
(2610, 58, '÷', 45, 38, 1),
(280, 7, '%', 19.6, 39, 1),
(450, 15, '%', 67.5, 40, 1),
(500, 50, '%', 250, 41, 1),
(900, 10, '%', 90, 42, 1),
(1000, 25, '%', 250, 43, 1),
(200, 20, '%', 40, 44, 1);

-- --------------------------------------------------------

--
-- Table structure for table `problema`
--

CREATE TABLE `problema` (
  `id_pregunta` int(11) NOT NULL,
  `enunciado` varchar(3000) CHARACTER SET utf8 COLLATE utf8_spanish2_ci NOT NULL,
  `res` double NOT NULL,
  `id_imagen` int(11) DEFAULT NULL
) ENGINE=InnoDB DEFAULT CHARSET=utf8 COLLATE=utf8_spanish2_ci;

--
-- Dumping data for table `problema`
--

INSERT INTO `problema` (`id_pregunta`, `enunciado`, `res`, `id_imagen`) VALUES
(1, 'En un partido de Futbol Champions se han vendido un total de 1200 entradas, de las cuales 525 se han vendido a 5 euros cada una, 490 entradas a 6 euros cada una y el resto a 7 euros cada una. ¿Cuál ha sido el total recaudado en dicho partido?', 6845, NULL);

-- --------------------------------------------------------

--
-- Table structure for table `resp_cadenanumero`
--

CREATE TABLE `resp_cadenanumero` (
  `id_respuesta` bigint(20) NOT NULL,
  `respUsuario` bigint(20) NOT NULL,
  `id_pregunta` int(11) NOT NULL,
  `id_evaluacion` int(11) NOT NULL
) ENGINE=InnoDB DEFAULT CHARSET=utf8 COLLATE=utf8_spanish2_ci;

--
-- Dumping data for table `resp_cadenanumero`
--

INSERT INTO `resp_cadenanumero` (`id_respuesta`, `respUsuario`, `id_pregunta`, `id_evaluacion`) VALUES
(21, 0, 4, 7),
(22, 0, 3, 7),
(23, 0, 2, 7),
(24, 0, 1, 7),
(25, 6, 4, 8),
(26, 6, 3, 8),
(27, 6, 2, 8),
(28, 6, 1, 8),
(29, 9, 4, 9),
(30, 9, 3, 9),
(31, 9, 2, 9),
(32, 9, 1, 9),
(33, 5, 4, 10),
(34, 5, 3, 10),
(35, 5, 2, 10),
(36, 5, 1, 10),
(37, 9, 4, 11),
(38, 9, 3, 11),
(39, 9, 2, 11),
(40, 9, 1, 11),
(41, 0, 4, 13),
(42, 0, 3, 13),
(43, 0, 2, 13),
(44, 0, 1, 13),
(45, 0, 4, 14),
(46, 0, 3, 14),
(47, 0, 2, 14),
(48, 0, 1, 14),
(49, 0, 4, 15),
(50, 0, 3, 15),
(51, 0, 2, 15),
(52, 0, 1, 15),
(53, 9, 4, 16),
(54, 9, 3, 16),
(55, 9, 2, 16),
(56, 9, 1, 16),
(57, 9, 4, 17),
(58, 9, 3, 17),
(59, 9, 2, 17),
(60, 9, 1, 17),
(61, 9, 4, 18),
(62, 9, 3, 18),
(63, 9, 2, 18),
(64, 9, 1, 18),
(65, 0, 4, 19),
(66, 0, 3, 19),
(67, 0, 2, 19),
(68, 0, 1, 19),
(69, 0, 4, 20),
(70, 0, 3, 20),
(71, 0, 2, 20),
(72, 0, 1, 20),
(73, 2, 4, 21),
(74, 2, 3, 21),
(75, 2, 2, 21),
(76, 2, 1, 21),
(77, 0, 4, 22),
(78, 0, 3, 22),
(79, 0, 2, 22),
(80, 0, 1, 22),
(81, 0, 4, 23),
(82, 0, 3, 23),
(83, 0, 2, 23),
(84, 0, 1, 23),
(85, 0, 4, 24),
(86, 0, 3, 24),
(87, 0, 2, 24),
(88, 0, 1, 24),
(89, 0, 4, 25),
(90, 0, 3, 25),
(91, 0, 2, 25),
(92, 0, 1, 25),
(93, 0, 4, 26),
(94, 0, 3, 26),
(95, 0, 2, 26),
(96, 0, 1, 26),
(97, 0, 4, 27),
(98, 0, 3, 27),
(99, 0, 2, 27),
(100, 0, 1, 27),
(101, 0, 4, 28),
(102, 0, 3, 28),
(103, 0, 2, 28),
(104, 0, 1, 28),
(105, 0, 4, 29),
(106, 0, 3, 29),
(107, 0, 2, 29),
(108, 0, 1, 29),
(109, 0, 4, 30),
(110, 0, 3, 30),
(111, 0, 2, 30),
(112, 0, 1, 30),
(113, 0, 4, 31),
(114, 0, 3, 31),
(115, 0, 2, 31),
(116, 0, 1, 31),
(117, 0, 4, 32),
(118, 0, 3, 32),
(119, 0, 2, 32),
(120, 0, 1, 32),
(121, 0, 4, 33),
(122, 0, 3, 33),
(123, 0, 2, 33),
(124, 0, 1, 33),
(125, 0, 4, 34),
(126, 0, 3, 34),
(127, 0, 2, 34),
(128, 0, 1, 34),
(129, 0, 4, 35),
(130, 0, 3, 35),
(131, 0, 2, 35),
(132, 0, 1, 35),
(133, 0, 4, 36),
(134, 0, 3, 36),
(135, 0, 2, 36),
(136, 0, 1, 36),
(137, 0, 4, 37),
(138, 0, 3, 37),
(139, 0, 2, 37),
(140, 0, 1, 37),
(141, 0, 4, 38),
(142, 0, 3, 38),
(143, 0, 2, 38),
(144, 0, 1, 38),
(145, 0, 4, 39),
(146, 0, 3, 39),
(147, 0, 2, 39),
(148, 0, 1, 39),
(149, 0, 4, 40),
(150, 0, 3, 40),
(151, 0, 2, 40),
(152, 0, 1, 40),
(153, 0, 4, 41),
(154, 0, 3, 41),
(155, 0, 2, 41),
(156, 0, 1, 41),
(157, 0, 4, 42),
(158, 0, 3, 42),
(159, 0, 2, 42),
(160, 0, 1, 42),
(161, 0, 4, 43),
(162, 0, 3, 43),
(163, 0, 2, 43),
(164, 0, 1, 43),
(165, 0, 4, 44),
(166, 0, 3, 44),
(167, 0, 2, 44),
(168, 0, 1, 44),
(169, 0, 4, 45),
(170, 0, 3, 45),
(171, 0, 2, 45),
(172, 0, 1, 45),
(173, 0, 4, 46),
(174, 0, 3, 46),
(175, 0, 2, 46),
(176, 0, 1, 46),
(177, 0, 4, 47),
(178, 0, 3, 47),
(179, 0, 2, 47),
(180, 0, 1, 47),
(181, 0, 4, 48),
(182, 0, 3, 48),
(183, 0, 2, 48),
(184, 0, 1, 48),
(185, 0, 4, 49),
(186, 0, 3, 49),
(187, 0, 2, 49),
(188, 0, 1, 49),
(189, 0, 4, 50),
(190, 0, 3, 50),
(191, 0, 2, 50),
(192, 0, 1, 50),
(193, 0, 4, 51),
(194, 0, 3, 51),
(195, 0, 2, 51),
(196, 0, 1, 51),
(197, 0, 4, 52),
(198, 0, 3, 52),
(199, 0, 2, 52),
(200, 0, 1, 52),
(201, 0, 4, 53),
(202, 0, 3, 53),
(203, 0, 2, 53),
(204, 0, 1, 53),
(205, 0, 4, 54),
(206, 0, 3, 54),
(207, 0, 2, 54),
(208, 0, 1, 54),
(209, 0, 4, 55),
(210, 0, 3, 55),
(211, 0, 2, 55),
(212, 0, 1, 55),
(213, 0, 4, 56),
(214, 0, 3, 56),
(215, 0, 2, 56),
(216, 0, 1, 56),
(217, 0, 4, 57),
(218, 0, 3, 57),
(219, 0, 2, 57),
(220, 0, 1, 57),
(221, 0, 4, 58),
(222, 0, 3, 58),
(223, 0, 2, 58),
(224, 0, 1, 58),
(225, 0, 4, 59),
(226, 0, 3, 59),
(227, 0, 2, 59),
(228, 0, 1, 59),
(229, 0, 4, 60),
(230, 0, 3, 60),
(231, 0, 2, 60),
(232, 0, 1, 60),
(233, 0, 4, 61),
(234, 0, 3, 61),
(235, 0, 2, 61),
(236, 0, 1, 61),
(237, 0, 4, 62),
(238, 0, 3, 62),
(239, 0, 2, 62),
(240, 0, 1, 62),
(241, 0, 4, 63),
(242, 0, 3, 63),
(243, 0, 2, 63),
(244, 0, 1, 63),
(245, 0, 4, 64),
(246, 0, 3, 64),
(247, 0, 2, 64),
(248, 0, 1, 64),
(249, 0, 4, 65),
(250, 0, 3, 65),
(251, 0, 2, 65),
(252, 0, 1, 65),
(253, 0, 4, 66),
(254, 0, 3, 66),
(255, 0, 2, 66),
(256, 0, 1, 66),
(257, 0, 4, 67),
(258, 0, 3, 67),
(259, 0, 2, 67),
(260, 0, 1, 67),
(261, 0, 4, 68),
(262, 0, 3, 68),
(263, 0, 2, 68),
(264, 0, 1, 68),
(265, 0, 4, 69),
(266, 0, 3, 69),
(267, 0, 2, 69),
(268, 0, 1, 69),
(269, 0, 4, 70),
(270, 0, 3, 70),
(271, 0, 2, 70),
(272, 0, 1, 70),
(273, 0, 4, 71),
(274, 0, 3, 71),
(275, 0, 2, 71),
(276, 0, 1, 71),
(277, 0, 4, 72),
(278, 0, 3, 72),
(279, 0, 2, 72),
(280, 0, 1, 72),
(281, 0, 4, 73),
(282, 0, 3, 73),
(283, 0, 2, 73),
(284, 0, 1, 73),
(285, 0, 4, 74),
(286, 0, 3, 74),
(287, 0, 2, 74),
(288, 0, 1, 74),
(289, 0, 4, 75),
(290, 0, 3, 75),
(291, 0, 2, 75),
(292, 0, 1, 75),
(293, 0, 4, 76),
(294, 0, 3, 76),
(295, 0, 2, 76),
(296, 0, 1, 76),
(297, 0, 4, 77),
(298, 0, 3, 77),
(299, 0, 2, 77),
(300, 0, 1, 77),
(301, 0, 4, 78),
(302, 0, 3, 78),
(303, 0, 2, 78),
(304, 0, 1, 78),
(305, 0, 4, 79),
(306, 0, 3, 79),
(307, 0, 2, 79),
(308, 0, 1, 79),
(309, 0, 4, 80),
(310, 0, 3, 80),
(311, 0, 2, 80),
(312, 0, 1, 80),
(313, 0, 4, 81),
(314, 0, 3, 81),
(315, 0, 2, 81),
(316, 0, 1, 81),
(317, 0, 4, 82),
(318, 0, 3, 82),
(319, 0, 2, 82),
(320, 0, 1, 82),
(321, 0, 4, 83),
(322, 0, 3, 83),
(323, 0, 2, 83),
(324, 0, 1, 83),
(325, 0, 4, 84),
(326, 0, 3, 84),
(327, 0, 2, 84),
(328, 0, 1, 84),
(329, 0, 4, 85),
(330, 0, 3, 85),
(331, 0, 2, 85),
(332, 0, 1, 85),
(333, 0, 4, 86),
(334, 0, 3, 86),
(335, 0, 2, 86),
(336, 0, 1, 86),
(337, 0, 4, 87),
(338, 0, 3, 87),
(339, 0, 2, 87),
(340, 0, 1, 87),
(341, 0, 4, 88),
(342, 0, 3, 88),
(343, 0, 2, 88),
(344, 0, 1, 88),
(345, 0, 4, 89),
(346, 0, 3, 89),
(347, 0, 2, 89),
(348, 0, 1, 89),
(349, 0, 4, 90),
(350, 0, 3, 90),
(351, 0, 2, 90),
(352, 0, 1, 90),
(353, 0, 4, 91),
(354, 0, 3, 91),
(355, 0, 2, 91),
(356, 0, 1, 91),
(357, 0, 4, 92),
(358, 0, 3, 92),
(359, 0, 2, 92),
(360, 0, 1, 92),
(361, 0, 4, 93),
(362, 0, 3, 93),
(363, 0, 2, 93),
(364, 0, 1, 93),
(365, 0, 4, 94),
(366, 0, 3, 94),
(367, 0, 2, 94),
(368, 0, 1, 94),
(369, 0, 4, 95),
(370, 0, 3, 95),
(371, 0, 2, 95),
(372, 0, 1, 95),
(373, 0, 4, 96),
(374, 0, 3, 96),
(375, 0, 2, 96),
(376, 0, 1, 96),
(377, 0, 4, 97),
(378, 0, 3, 97),
(379, 0, 2, 97),
(380, 0, 1, 97),
(381, 0, 4, 98),
(382, 0, 3, 98),
(383, 0, 2, 98),
(384, 0, 1, 98),
(385, 0, 4, 99),
(386, 0, 3, 99),
(387, 0, 2, 99),
(388, 0, 1, 99),
(389, 0, 4, 100),
(390, 0, 3, 100),
(391, 0, 2, 100),
(392, 0, 1, 100),
(393, 0, 4, 101),
(394, 0, 3, 101),
(395, 0, 2, 101),
(396, 0, 1, 101),
(397, 0, 4, 102),
(398, 0, 3, 102),
(399, 0, 2, 102),
(400, 0, 1, 102),
(401, 0, 4, 103),
(402, 0, 3, 103),
(403, 0, 2, 103),
(404, 0, 1, 103),
(405, 0, 4, 104),
(406, 0, 3, 104),
(407, 0, 2, 104),
(408, 0, 1, 104),
(409, 0, 4, 105),
(410, 0, 3, 105),
(411, 0, 2, 105),
(412, 0, 1, 105),
(413, 0, 4, 106),
(414, 0, 3, 106),
(415, 0, 2, 106),
(416, 0, 1, 106),
(417, 0, 4, 107),
(418, 0, 3, 107),
(419, 0, 2, 107),
(420, 0, 1, 107),
(421, 0, 4, 108),
(422, 0, 3, 108),
(423, 0, 2, 108),
(424, 0, 1, 108),
(425, 0, 4, 109),
(426, 0, 3, 109),
(427, 0, 2, 109),
(428, 0, 1, 109),
(429, 0, 4, 110),
(430, 0, 3, 110),
(431, 0, 2, 110),
(432, 0, 1, 110),
(433, 0, 4, 111),
(434, 0, 3, 111),
(435, 0, 2, 111),
(436, 0, 1, 111),
(437, 0, 4, 112),
(438, 0, 3, 112),
(439, 0, 2, 112),
(440, 0, 1, 112),
(441, 0, 4, 113),
(442, 0, 3, 113),
(443, 0, 2, 113),
(444, 0, 1, 113),
(445, 6, 4, 114),
(446, 6, 3, 114),
(447, 6, 2, 114),
(448, 6, 1, 114),
(449, 786, 4, 115),
(450, 87, 3, 115),
(451, 876, 2, 115),
(452, 785, 1, 115),
(453, 786, 4, 116),
(454, 87, 3, 116),
(455, 876, 2, 116),
(456, 785, 1, 116),
(457, 786, 4, 117),
(458, 87, 3, 117),
(459, 876, 2, 117),
(460, 785, 1, 117),
(461, 786, 4, 118),
(462, 87, 3, 118),
(463, 876, 2, 118),
(464, 785, 1, 118),
(465, 786, 4, 119),
(466, 87, 3, 119),
(467, 876, 2, 119),
(468, 785, 1, 119),
(469, 786, 4, 120),
(470, 87, 3, 120),
(471, 876, 2, 120),
(472, 785, 1, 120),
(473, 786, 4, 121),
(474, 87, 3, 121),
(475, 876, 2, 121),
(476, 785, 1, 121),
(477, 786, 4, 122),
(478, 87, 3, 122),
(479, 876, 2, 122),
(480, 785, 1, 122),
(481, 786, 4, 123),
(482, 87, 3, 123),
(483, 876, 2, 123),
(484, 785, 1, 123),
(485, 786, 4, 124),
(486, 87, 3, 124),
(487, 876, 2, 124),
(488, 785, 1, 124),
(489, 786, 4, 125),
(490, 87, 3, 125),
(491, 876, 2, 125),
(492, 785, 1, 125),
(493, 0, 4, 126),
(494, 0, 3, 126),
(495, 0, 2, 126),
(496, 0, 1, 126),
(497, 0, 4, 127),
(498, 0, 3, 127),
(499, 0, 2, 127),
(500, 0, 1, 127),
(501, 0, 4, 128),
(502, 0, 3, 128),
(503, 0, 2, 128),
(504, 0, 1, 128),
(505, 0, 4, 129),
(506, 0, 3, 129),
(507, 0, 2, 129),
(508, 0, 1, 129),
(509, 0, 4, 130),
(510, 0, 3, 130),
(511, 0, 2, 130),
(512, 0, 1, 130),
(513, 0, 4, 131),
(514, 0, 3, 131),
(515, 0, 2, 131),
(516, 0, 1, 131),
(517, 0, 4, 132),
(518, 0, 3, 132),
(519, 0, 2, 132),
(520, 0, 1, 132),
(521, 0, 4, 133),
(522, 0, 3, 133),
(523, 0, 2, 133),
(524, 0, 1, 133),
(525, 0, 4, 134),
(526, 0, 3, 134),
(527, 0, 2, 134),
(528, 0, 1, 134),
(529, 0, 4, 135),
(530, 0, 3, 135),
(531, 0, 2, 135),
(532, 0, 1, 135),
(533, 0, 4, 136),
(534, 0, 3, 136),
(535, 0, 2, 136),
(536, 0, 1, 136),
(537, 0, 4, 137),
(538, 0, 3, 137),
(539, 0, 2, 137),
(540, 0, 1, 137),
(541, 0, 4, 138),
(542, 0, 3, 138),
(543, 0, 2, 138),
(544, 0, 1, 138),
(545, 0, 4, 139),
(546, 0, 3, 139),
(547, 0, 2, 139),
(548, 0, 1, 139);

-- --------------------------------------------------------

--
-- Table structure for table `resp_numerocadena`
--

CREATE TABLE `resp_numerocadena` (
  `id_respuesta` bigint(20) NOT NULL,
  `respUsuario` varchar(300) COLLATE utf8_spanish2_ci NOT NULL,
  `id_pregunta` int(11) NOT NULL,
  `id_evaluacion` int(11) NOT NULL
) ENGINE=InnoDB DEFAULT CHARSET=utf8 COLLATE=utf8_spanish2_ci;

--
-- Dumping data for table `resp_numerocadena`
--

INSERT INTO `resp_numerocadena` (`id_respuesta`, `respUsuario`, `id_pregunta`, `id_evaluacion`) VALUES
(26, '0', 5, 7),
(27, '0', 4, 7),
(28, '0', 3, 7),
(29, '0', 2, 7),
(30, '0', 1, 7),
(31, '6', 5, 8),
(32, '6', 4, 8),
(33, '6', 3, 8),
(34, '6', 2, 8),
(35, '6', 1, 8),
(36, '9', 5, 9),
(37, '9', 4, 9),
(38, '9', 3, 9),
(39, '9', 2, 9),
(40, '9', 1, 9),
(41, '5', 5, 10),
(42, '5', 4, 10),
(43, '5', 3, 10),
(44, '5', 2, 10),
(45, '5', 1, 10),
(46, '9', 5, 11),
(47, '9', 4, 11),
(48, '9', 3, 11),
(49, '9', 2, 11),
(50, '9', 1, 11),
(51, '0', 5, 13),
(52, '0', 4, 13),
(53, '0', 3, 13),
(54, '0', 2, 13),
(55, '0', 1, 13),
(56, '0', 5, 14),
(57, '0', 4, 14),
(58, '0', 3, 14),
(59, '0', 2, 14),
(60, '0', 1, 14),
(61, '0', 5, 15),
(62, '0', 4, 15),
(63, '0', 3, 15),
(64, '0', 2, 15),
(65, '0', 1, 15),
(66, '9', 5, 16),
(67, '9', 4, 16),
(68, '9', 3, 16),
(69, '9', 2, 16),
(70, '9', 1, 16),
(71, '9', 5, 17),
(72, '9', 4, 17),
(73, '9', 3, 17),
(74, '9', 2, 17),
(75, '9', 1, 17),
(76, '9', 5, 18),
(77, '9', 4, 18),
(78, '9', 3, 18),
(79, '9', 2, 18),
(80, '9', 1, 18),
(81, '0', 5, 19),
(82, '0', 4, 19),
(83, '0', 3, 19),
(84, '0', 2, 19),
(85, '0', 1, 19),
(86, '0', 5, 20),
(87, '0', 4, 20),
(88, '0', 3, 20),
(89, '0', 2, 20),
(90, '0', 1, 20),
(91, '2', 5, 21),
(92, '2', 4, 21),
(93, '2', 3, 21),
(94, '2', 2, 21),
(95, '2', 1, 21),
(96, '0', 5, 22),
(97, '0', 4, 22),
(98, '0', 3, 22),
(99, '0', 2, 22),
(100, '0', 1, 22),
(101, '0', 5, 23),
(102, '0', 4, 23),
(103, '0', 3, 23),
(104, '0', 2, 23),
(105, '0', 1, 23),
(106, '0', 5, 24),
(107, '0', 4, 24),
(108, '0', 3, 24),
(109, '0', 2, 24),
(110, '0', 1, 24),
(111, '0', 5, 25),
(112, '0', 4, 25),
(113, '0', 3, 25),
(114, '0', 2, 25),
(115, '0', 1, 25),
(116, '0', 5, 26),
(117, '0', 4, 26),
(118, '0', 3, 26),
(119, '0', 2, 26),
(120, '0', 1, 26),
(121, '0', 5, 27),
(122, '0', 4, 27),
(123, '0', 3, 27),
(124, '0', 2, 27),
(125, '0', 1, 27),
(126, '0', 5, 28),
(127, '0', 4, 28),
(128, '0', 3, 28),
(129, '0', 2, 28),
(130, '0', 1, 28),
(131, '0', 5, 29),
(132, '0', 4, 29),
(133, '0', 3, 29),
(134, '0', 2, 29),
(135, '0', 1, 29),
(136, '0', 5, 30),
(137, '0', 4, 30),
(138, '0', 3, 30),
(139, '0', 2, 30),
(140, '0', 1, 30),
(141, '0', 5, 31),
(142, '0', 4, 31),
(143, '0', 3, 31),
(144, '0', 2, 31),
(145, '0', 1, 31),
(146, '0', 5, 32),
(147, '0', 4, 32),
(148, '0', 3, 32),
(149, '0', 2, 32),
(150, '0', 1, 32),
(151, '0', 5, 33),
(152, '0', 4, 33),
(153, '0', 3, 33),
(154, '0', 2, 33),
(155, '0', 1, 33),
(156, '0', 5, 34),
(157, '0', 4, 34),
(158, '0', 3, 34),
(159, '0', 2, 34),
(160, '0', 1, 34),
(161, '0', 5, 35),
(162, '0', 4, 35),
(163, '0', 3, 35),
(164, '0', 2, 35),
(165, '0', 1, 35),
(166, '0', 5, 36),
(167, '0', 4, 36),
(168, '0', 3, 36),
(169, '0', 2, 36),
(170, '0', 1, 36),
(171, '0', 5, 37),
(172, '0', 4, 37),
(173, '0', 3, 37),
(174, '0', 2, 37),
(175, '0', 1, 37),
(176, '0', 5, 38),
(177, '0', 4, 38),
(178, '0', 3, 38),
(179, '0', 2, 38),
(180, '0', 1, 38),
(181, '0', 5, 39),
(182, '0', 4, 39),
(183, '0', 3, 39),
(184, '0', 2, 39),
(185, '0', 1, 39),
(186, '0', 5, 40),
(187, '0', 4, 40),
(188, '0', 3, 40),
(189, '0', 2, 40),
(190, '0', 1, 40),
(191, '0', 5, 41),
(192, '0', 4, 41),
(193, '0', 3, 41),
(194, '0', 2, 41),
(195, '0', 1, 41),
(196, '0', 5, 42),
(197, '0', 4, 42),
(198, '0', 3, 42),
(199, '0', 2, 42),
(200, '0', 1, 42),
(201, '0', 5, 43),
(202, '0', 4, 43),
(203, '0', 3, 43),
(204, '0', 2, 43),
(205, '0', 1, 43),
(206, '0', 5, 44),
(207, '0', 4, 44),
(208, '0', 3, 44),
(209, '0', 2, 44),
(210, '0', 1, 44),
(211, '0', 5, 45),
(212, '0', 4, 45),
(213, '0', 3, 45),
(214, '0', 2, 45),
(215, '0', 1, 45),
(216, '0', 5, 46),
(217, '0', 4, 46),
(218, '0', 3, 46),
(219, '0', 2, 46),
(220, '0', 1, 46),
(221, '0', 5, 47),
(222, '0', 4, 47),
(223, '0', 3, 47),
(224, '0', 2, 47),
(225, '0', 1, 47),
(226, '0', 5, 48),
(227, '0', 4, 48),
(228, '0', 3, 48),
(229, '0', 2, 48),
(230, '0', 1, 48),
(231, '0', 5, 49),
(232, '0', 4, 49),
(233, '0', 3, 49),
(234, '0', 2, 49),
(235, '0', 1, 49),
(236, '0', 5, 50),
(237, '0', 4, 50),
(238, '0', 3, 50),
(239, '0', 2, 50),
(240, '0', 1, 50),
(241, '0', 5, 51),
(242, '0', 4, 51),
(243, '0', 3, 51),
(244, '0', 2, 51),
(245, '0', 1, 51),
(246, '0', 5, 52),
(247, '0', 4, 52),
(248, '0', 3, 52),
(249, '0', 2, 52),
(250, '0', 1, 52),
(251, '0', 5, 53),
(252, '0', 4, 53),
(253, '0', 3, 53),
(254, '0', 2, 53),
(255, '0', 1, 53),
(256, '0', 5, 54),
(257, '0', 4, 54),
(258, '0', 3, 54),
(259, '0', 2, 54),
(260, '0', 1, 54),
(261, '0', 5, 55),
(262, '0', 4, 55),
(263, '0', 3, 55),
(264, '0', 2, 55),
(265, '0', 1, 55),
(266, '0', 5, 56),
(267, '0', 4, 56),
(268, '0', 3, 56),
(269, '0', 2, 56),
(270, '0', 1, 56),
(271, '0', 5, 57),
(272, '0', 4, 57),
(273, '0', 3, 57),
(274, '0', 2, 57),
(275, '0', 1, 57),
(276, '0', 5, 58),
(277, '0', 4, 58),
(278, '0', 3, 58),
(279, '0', 2, 58),
(280, '0', 1, 58),
(281, '0', 5, 59),
(282, '0', 4, 59),
(283, '0', 3, 59),
(284, '0', 2, 59),
(285, '0', 1, 59),
(286, '0', 5, 60),
(287, '0', 4, 60),
(288, '0', 3, 60),
(289, '0', 2, 60),
(290, '0', 1, 60),
(291, '0', 5, 61),
(292, '0', 4, 61),
(293, '0', 3, 61),
(294, '0', 2, 61),
(295, '0', 1, 61),
(296, '0', 5, 62),
(297, '0', 4, 62),
(298, '0', 3, 62),
(299, '0', 2, 62),
(300, '0', 1, 62),
(301, '0', 5, 63),
(302, '0', 4, 63),
(303, '0', 3, 63),
(304, '0', 2, 63),
(305, '0', 1, 63),
(306, '0', 5, 64),
(307, '0', 4, 64),
(308, '0', 3, 64),
(309, '0', 2, 64),
(310, '0', 1, 64),
(311, '0', 5, 65),
(312, '0', 4, 65),
(313, '0', 3, 65),
(314, '0', 2, 65),
(315, '0', 1, 65),
(316, '0', 5, 66),
(317, '0', 4, 66),
(318, '0', 3, 66),
(319, '0', 2, 66),
(320, '0', 1, 66),
(321, '0', 5, 67),
(322, '0', 4, 67),
(323, '0', 3, 67),
(324, '0', 2, 67),
(325, '0', 1, 67),
(326, '0', 5, 68),
(327, '0', 4, 68),
(328, '0', 3, 68),
(329, '0', 2, 68),
(330, '0', 1, 68),
(331, '0', 5, 69),
(332, '0', 4, 69),
(333, '0', 3, 69),
(334, '0', 2, 69),
(335, '0', 1, 69),
(336, '0', 5, 70),
(337, '0', 4, 70),
(338, '0', 3, 70),
(339, '0', 2, 70),
(340, '0', 1, 70),
(341, '0', 5, 71),
(342, '0', 4, 71),
(343, '0', 3, 71),
(344, '0', 2, 71),
(345, '0', 1, 71),
(346, '0', 5, 72),
(347, '0', 4, 72),
(348, '0', 3, 72),
(349, '0', 2, 72),
(350, '0', 1, 72),
(351, '0', 5, 73),
(352, '0', 4, 73),
(353, '0', 3, 73),
(354, '0', 2, 73),
(355, '0', 1, 73),
(356, '0', 5, 74),
(357, '0', 4, 74),
(358, '0', 3, 74),
(359, '0', 2, 74),
(360, '0', 1, 74),
(361, '0', 5, 75),
(362, '0', 4, 75),
(363, '0', 3, 75),
(364, '0', 2, 75),
(365, '0', 1, 75),
(366, '0', 5, 76),
(367, '0', 4, 76),
(368, '0', 3, 76),
(369, '0', 2, 76),
(370, '0', 1, 76),
(371, '0', 5, 77),
(372, '0', 4, 77),
(373, '0', 3, 77),
(374, '0', 2, 77),
(375, '0', 1, 77),
(376, '0', 5, 78),
(377, '0', 4, 78),
(378, '0', 3, 78),
(379, '0', 2, 78),
(380, '0', 1, 78),
(381, '0', 5, 79),
(382, '0', 4, 79),
(383, '0', 3, 79),
(384, '0', 2, 79),
(385, '0', 1, 79),
(386, '0', 5, 80),
(387, '0', 4, 80),
(388, '0', 3, 80),
(389, '0', 2, 80),
(390, '0', 1, 80),
(391, '0', 5, 81),
(392, '0', 4, 81),
(393, '0', 3, 81),
(394, '0', 2, 81),
(395, '0', 1, 81),
(396, '0', 5, 82),
(397, '0', 4, 82),
(398, '0', 3, 82),
(399, '0', 2, 82),
(400, '0', 1, 82),
(401, '0', 5, 83),
(402, '0', 4, 83),
(403, '0', 3, 83),
(404, '0', 2, 83),
(405, '0', 1, 83),
(406, '0', 5, 84),
(407, '0', 4, 84),
(408, '0', 3, 84),
(409, '0', 2, 84),
(410, '0', 1, 84),
(411, '0', 5, 85),
(412, '0', 4, 85),
(413, '0', 3, 85),
(414, '0', 2, 85),
(415, '0', 1, 85),
(416, '0', 5, 86),
(417, '0', 4, 86),
(418, '0', 3, 86),
(419, '0', 2, 86),
(420, '0', 1, 86),
(421, '0', 5, 87),
(422, '0', 4, 87),
(423, '0', 3, 87),
(424, '0', 2, 87),
(425, '0', 1, 87),
(426, '0', 5, 88),
(427, '0', 4, 88),
(428, '0', 3, 88),
(429, '0', 2, 88),
(430, '0', 1, 88),
(431, '0', 5, 89),
(432, '0', 4, 89),
(433, '0', 3, 89),
(434, '0', 2, 89),
(435, '0', 1, 89),
(436, '0', 5, 90),
(437, '0', 4, 90),
(438, '0', 3, 90),
(439, '0', 2, 90),
(440, '0', 1, 90),
(441, '0', 5, 91),
(442, '0', 4, 91),
(443, '0', 3, 91),
(444, '0', 2, 91),
(445, '0', 1, 91),
(446, '0', 5, 92),
(447, '0', 4, 92),
(448, '0', 3, 92),
(449, '0', 2, 92),
(450, '0', 1, 92),
(451, '0', 5, 93),
(452, '0', 4, 93),
(453, '0', 3, 93),
(454, '0', 2, 93),
(455, '0', 1, 93),
(456, '0', 5, 94),
(457, '0', 4, 94),
(458, '0', 3, 94),
(459, '0', 2, 94),
(460, '0', 1, 94),
(461, '0', 5, 95),
(462, '0', 4, 95),
(463, '0', 3, 95),
(464, '0', 2, 95),
(465, '0', 1, 95),
(466, '0', 5, 96),
(467, '0', 4, 96),
(468, '0', 3, 96),
(469, '0', 2, 96),
(470, '0', 1, 96),
(471, '0', 5, 97),
(472, '0', 4, 97),
(473, '0', 3, 97),
(474, '0', 2, 97),
(475, '0', 1, 97),
(476, '0', 5, 98),
(477, '0', 4, 98),
(478, '0', 3, 98),
(479, '0', 2, 98),
(480, '0', 1, 98),
(481, '0', 5, 99),
(482, '0', 4, 99),
(483, '0', 3, 99),
(484, '0', 2, 99),
(485, '0', 1, 99),
(486, '0', 5, 100),
(487, '0', 4, 100),
(488, '0', 3, 100),
(489, '0', 2, 100),
(490, '0', 1, 100),
(491, '0', 5, 101),
(492, '0', 4, 101),
(493, '0', 3, 101),
(494, '0', 2, 101),
(495, '0', 1, 101),
(496, '0', 5, 102),
(497, '0', 4, 102),
(498, '0', 3, 102),
(499, '0', 2, 102),
(500, '0', 1, 102),
(501, '0', 5, 103),
(502, '0', 4, 103),
(503, '0', 3, 103),
(504, '0', 2, 103),
(505, '0', 1, 103),
(506, '0', 5, 104),
(507, '0', 4, 104),
(508, '0', 3, 104),
(509, '0', 2, 104),
(510, '0', 1, 104),
(511, '0', 5, 105),
(512, '0', 4, 105),
(513, '0', 3, 105),
(514, '0', 2, 105),
(515, '0', 1, 105),
(516, '0', 5, 106),
(517, '0', 4, 106),
(518, '0', 3, 106),
(519, '0', 2, 106),
(520, '0', 1, 106),
(521, '0', 5, 107),
(522, '0', 4, 107),
(523, '0', 3, 107),
(524, '0', 2, 107),
(525, '0', 1, 107),
(526, '0', 5, 108),
(527, '0', 4, 108),
(528, '0', 3, 108),
(529, '0', 2, 108),
(530, '0', 1, 108),
(531, '0', 5, 109),
(532, '0', 4, 109),
(533, '0', 3, 109),
(534, '0', 2, 109),
(535, '0', 1, 109),
(536, '0', 5, 110),
(537, '0', 4, 110),
(538, '0', 3, 110),
(539, '0', 2, 110),
(540, '0', 1, 110),
(541, '0', 5, 111),
(542, '0', 4, 111),
(543, '0', 3, 111),
(544, '0', 2, 111),
(545, '0', 1, 111),
(546, '0', 5, 112),
(547, '0', 4, 112),
(548, '0', 3, 112),
(549, '0', 2, 112),
(550, '0', 1, 112),
(551, '0', 5, 113),
(552, '0', 4, 113),
(553, '0', 3, 113),
(554, '0', 2, 113),
(555, '0', 1, 113),
(556, '6', 5, 114),
(557, '6', 4, 114),
(558, '6', 3, 114),
(559, '6', 2, 114),
(560, '6', 1, 114),
(561, '76', 5, 115),
(562, '786', 4, 115),
(563, '78', 3, 115),
(564, '78678687', 2, 115),
(565, '578', 1, 115),
(566, '76', 5, 116),
(567, '786', 4, 116),
(568, '78', 3, 116),
(569, '78678687', 2, 116),
(570, '578', 1, 116),
(571, '76', 5, 117),
(572, '786', 4, 117),
(573, '78', 3, 117),
(574, '78678687', 2, 117),
(575, '578', 1, 117),
(576, '76', 5, 118),
(577, '786', 4, 118),
(578, '78', 3, 118),
(579, '78678687', 2, 118),
(580, '578', 1, 118),
(581, '76', 5, 119),
(582, '786', 4, 119),
(583, '78', 3, 119),
(584, '78678687', 2, 119),
(585, '578', 1, 119),
(586, '76', 5, 120),
(587, '786', 4, 120),
(588, '78', 3, 120),
(589, '78678687', 2, 120),
(590, '578', 1, 120),
(591, '76', 5, 121),
(592, '786', 4, 121),
(593, '78', 3, 121),
(594, '78678687', 2, 121),
(595, '578', 1, 121),
(596, '76', 5, 122),
(597, '786', 4, 122),
(598, '78', 3, 122),
(599, '78678687', 2, 122),
(600, '578', 1, 122),
(601, '76', 5, 123),
(602, '786', 4, 123),
(603, '78', 3, 123),
(604, '78678687', 2, 123),
(605, '578', 1, 123),
(606, '76', 5, 124),
(607, '786', 4, 124),
(608, '78', 3, 124),
(609, '78678687', 2, 124),
(610, '578', 1, 124),
(611, '76', 5, 125),
(612, '786', 4, 125),
(613, '78', 3, 125),
(614, '78678687', 2, 125),
(615, '578', 1, 125),
(616, '0', 5, 126),
(617, '0', 4, 126),
(618, '0', 3, 126),
(619, '0', 2, 126),
(620, '0', 1, 126),
(621, '0', 5, 127),
(622, '0', 4, 127),
(623, '0', 3, 127),
(624, '0', 2, 127),
(625, '0', 1, 127),
(626, '0', 5, 128),
(627, '0', 4, 128),
(628, '0', 3, 128),
(629, '0', 2, 128),
(630, '0', 1, 128),
(631, '0', 5, 129),
(632, '0', 4, 129),
(633, '0', 3, 129),
(634, '0', 2, 129),
(635, '0', 1, 129),
(636, '0', 5, 130),
(637, '0', 4, 130),
(638, '0', 3, 130),
(639, '0', 2, 130),
(640, '0', 1, 130),
(641, '0', 5, 131),
(642, '0', 4, 131),
(643, '0', 3, 131),
(644, '0', 2, 131),
(645, '0', 1, 131),
(646, '0', 5, 132),
(647, '0', 4, 132),
(648, '0', 3, 132),
(649, '0', 2, 132),
(650, '0', 1, 132),
(651, '0', 5, 133),
(652, '0', 4, 133),
(653, '0', 3, 133),
(654, '0', 2, 133),
(655, '0', 1, 133),
(656, '0', 5, 134),
(657, '0', 4, 134),
(658, '0', 3, 134),
(659, '0', 2, 134),
(660, '0', 1, 134),
(661, '0', 5, 135),
(662, '0', 4, 135),
(663, '0', 3, 135),
(664, '0', 2, 135),
(665, '0', 1, 135),
(666, '0', 5, 136),
(667, '0', 4, 136),
(668, '0', 3, 136),
(669, '0', 2, 136),
(670, '0', 1, 136),
(671, '0', 5, 137),
(672, '0', 4, 137),
(673, '0', 3, 137),
(674, '0', 2, 137),
(675, '0', 1, 137),
(676, '0', 5, 138),
(677, '0', 4, 138),
(678, '0', 3, 138),
(679, '0', 2, 138),
(680, '0', 1, 138),
(681, '0', 5, 139),
(682, '0', 4, 139),
(683, '0', 3, 139),
(684, '0', 2, 139),
(685, '0', 1, 139);

-- --------------------------------------------------------

--
-- Table structure for table `resp_numfraccion`
--

CREATE TABLE `resp_numfraccion` (
  `id_respuesta` bigint(20) NOT NULL,
  `numerador` int(11) NOT NULL,
  `id_pregunta` int(11) NOT NULL,
  `denominador` int(11) NOT NULL,
  `id_evaluacion` int(11) NOT NULL
) ENGINE=InnoDB DEFAULT CHARSET=utf8 COLLATE=utf8_spanish2_ci;

--
-- Dumping data for table `resp_numfraccion`
--

INSERT INTO `resp_numfraccion` (`id_respuesta`, `numerador`, `id_pregunta`, `denominador`, `id_evaluacion`) VALUES
(26, 0, 1, 0, 7),
(27, 0, 2, 0, 7),
(28, 0, 3, 0, 7),
(29, 0, 4, 0, 7),
(30, 0, 5, 0, 7),
(31, 6, 1, 6, 8),
(32, 6, 2, 6, 8),
(33, 6, 3, 6, 8),
(34, 6, 4, 6, 8),
(35, 6, 5, 6, 8),
(36, 9, 1, 9, 9),
(37, 9, 2, 9, 9),
(38, 9, 3, 9, 9),
(39, 9, 4, 9, 9),
(40, 9, 5, 9, 9),
(41, 5, 1, 5, 10),
(42, 5, 2, 5, 10),
(43, 5, 3, 5, 10),
(44, 5, 4, 5, 10),
(45, 5, 5, 5, 10),
(46, 9, 1, 9, 11),
(47, 9, 2, 9, 11),
(48, 9, 3, 9, 11),
(49, 9, 4, 9, 11),
(50, 9, 5, 9, 11),
(51, 0, 1, 0, 13),
(52, 0, 2, 0, 13),
(53, 0, 3, 0, 13),
(54, 0, 4, 0, 13),
(55, 0, 5, 0, 13),
(56, 0, 1, 0, 14),
(57, 0, 2, 0, 14),
(58, 0, 3, 0, 14),
(59, 0, 4, 0, 14),
(60, 0, 5, 0, 14),
(61, 0, 1, 0, 15),
(62, 0, 2, 0, 15),
(63, 0, 3, 0, 15),
(64, 0, 4, 0, 15),
(65, 0, 5, 0, 15),
(66, 9, 1, 9, 16),
(67, 9, 2, 9, 16),
(68, 9, 3, 9, 16),
(69, 9, 4, 9, 16),
(70, 9, 5, 9, 16),
(71, 9, 1, 9, 17),
(72, 9, 2, 9, 17),
(73, 9, 3, 9, 17),
(74, 9, 4, 9, 17),
(75, 9, 5, 9, 17),
(76, 9, 1, 9, 18),
(77, 9, 2, 9, 18),
(78, 9, 3, 9, 18),
(79, 9, 4, 9, 18),
(80, 9, 5, 9, 18),
(81, 0, 1, 0, 19),
(82, 0, 2, 0, 19),
(83, 0, 3, 0, 19),
(84, 0, 4, 0, 19),
(85, 0, 5, 0, 19),
(86, 0, 1, 0, 20),
(87, 0, 2, 0, 20),
(88, 0, 3, 0, 20),
(89, 0, 4, 0, 20),
(90, 0, 5, 0, 20),
(91, 2, 1, 2, 21),
(92, 2, 2, 2, 21),
(93, 2, 3, 2, 21),
(94, 2, 4, 2, 21),
(95, 2, 5, 2, 21),
(96, 0, 1, 0, 22),
(97, 0, 2, 0, 22),
(98, 0, 3, 0, 22),
(99, 0, 4, 0, 22),
(100, 0, 5, 0, 22),
(101, 0, 1, 0, 23),
(102, 0, 2, 0, 23),
(103, 0, 3, 0, 23),
(104, 0, 4, 0, 23),
(105, 0, 5, 0, 23),
(106, 0, 1, 0, 24),
(107, 0, 2, 0, 24),
(108, 0, 3, 0, 24),
(109, 0, 4, 0, 24),
(110, 0, 5, 0, 24),
(111, 0, 1, 0, 25),
(112, 0, 2, 0, 25),
(113, 0, 3, 0, 25),
(114, 0, 4, 0, 25),
(115, 0, 5, 0, 25),
(116, 0, 1, 0, 26),
(117, 0, 2, 0, 26),
(118, 0, 3, 0, 26),
(119, 0, 4, 0, 26),
(120, 0, 5, 0, 26),
(121, 0, 1, 0, 27),
(122, 0, 2, 0, 27),
(123, 0, 3, 0, 27),
(124, 0, 4, 0, 27),
(125, 0, 5, 0, 27),
(126, 0, 1, 0, 28),
(127, 0, 2, 0, 28),
(128, 0, 3, 0, 28),
(129, 0, 4, 0, 28),
(130, 0, 5, 0, 28),
(131, 0, 1, 0, 29),
(132, 0, 2, 0, 29),
(133, 0, 3, 0, 29),
(134, 0, 4, 0, 29),
(135, 0, 5, 0, 29),
(136, 0, 1, 0, 30),
(137, 0, 2, 0, 30),
(138, 0, 3, 0, 30),
(139, 0, 4, 0, 30),
(140, 0, 5, 0, 30),
(141, 0, 1, 0, 31),
(142, 0, 2, 0, 31),
(143, 0, 3, 0, 31),
(144, 0, 4, 0, 31),
(145, 0, 5, 0, 31),
(146, 0, 1, 0, 32),
(147, 0, 2, 0, 32),
(148, 0, 3, 0, 32),
(149, 0, 4, 0, 32),
(150, 0, 5, 0, 32),
(151, 0, 1, 0, 33),
(152, 0, 2, 0, 33),
(153, 0, 3, 0, 33),
(154, 0, 4, 0, 33),
(155, 0, 5, 0, 33),
(156, 0, 1, 0, 34),
(157, 0, 2, 0, 34),
(158, 0, 3, 0, 34),
(159, 0, 4, 0, 34),
(160, 0, 5, 0, 34),
(161, 0, 1, 0, 35),
(162, 0, 2, 0, 35),
(163, 0, 3, 0, 35),
(164, 0, 4, 0, 35),
(165, 0, 5, 0, 35),
(166, 0, 1, 0, 36),
(167, 0, 2, 0, 36),
(168, 0, 3, 0, 36),
(169, 0, 4, 0, 36),
(170, 0, 5, 0, 36),
(171, 0, 1, 0, 37),
(172, 0, 2, 0, 37),
(173, 0, 3, 0, 37),
(174, 0, 4, 0, 37),
(175, 0, 5, 0, 37),
(176, 0, 1, 0, 38),
(177, 0, 2, 0, 38),
(178, 0, 3, 0, 38),
(179, 0, 4, 0, 38),
(180, 0, 5, 0, 38),
(181, 0, 1, 0, 39),
(182, 0, 2, 0, 39),
(183, 0, 3, 0, 39),
(184, 0, 4, 0, 39),
(185, 0, 5, 0, 39),
(186, 0, 1, 0, 40),
(187, 0, 2, 0, 40),
(188, 0, 3, 0, 40),
(189, 0, 4, 0, 40),
(190, 0, 5, 0, 40),
(191, 0, 1, 0, 41),
(192, 0, 2, 0, 41),
(193, 0, 3, 0, 41),
(194, 0, 4, 0, 41),
(195, 0, 5, 0, 41),
(196, 0, 1, 0, 42),
(197, 0, 2, 0, 42),
(198, 0, 3, 0, 42),
(199, 0, 4, 0, 42),
(200, 0, 5, 0, 42),
(201, 0, 1, 0, 43),
(202, 0, 2, 0, 43),
(203, 0, 3, 0, 43),
(204, 0, 4, 0, 43),
(205, 0, 5, 0, 43),
(206, 0, 1, 0, 44),
(207, 0, 2, 0, 44),
(208, 0, 3, 0, 44),
(209, 0, 4, 0, 44),
(210, 0, 5, 0, 44),
(211, 0, 1, 0, 45),
(212, 0, 2, 0, 45),
(213, 0, 3, 0, 45),
(214, 0, 4, 0, 45),
(215, 0, 5, 0, 45),
(216, 0, 1, 0, 46),
(217, 0, 2, 0, 46),
(218, 0, 3, 0, 46),
(219, 0, 4, 0, 46),
(220, 0, 5, 0, 46),
(221, 0, 1, 0, 47),
(222, 0, 2, 0, 47),
(223, 0, 3, 0, 47),
(224, 0, 4, 0, 47),
(225, 0, 5, 0, 47),
(226, 0, 1, 0, 48),
(227, 0, 2, 0, 48),
(228, 0, 3, 0, 48),
(229, 0, 4, 0, 48),
(230, 0, 5, 0, 48),
(231, 0, 1, 0, 49),
(232, 0, 2, 0, 49),
(233, 0, 3, 0, 49),
(234, 0, 4, 0, 49),
(235, 0, 5, 0, 49),
(236, 0, 1, 0, 50),
(237, 0, 2, 0, 50),
(238, 0, 3, 0, 50),
(239, 0, 4, 0, 50),
(240, 0, 5, 0, 50),
(241, 0, 1, 0, 51),
(242, 0, 2, 0, 51),
(243, 0, 3, 0, 51),
(244, 0, 4, 0, 51),
(245, 0, 5, 0, 51),
(246, 0, 1, 0, 52),
(247, 0, 2, 0, 52),
(248, 0, 3, 0, 52),
(249, 0, 4, 0, 52),
(250, 0, 5, 0, 52),
(251, 0, 1, 0, 53),
(252, 0, 2, 0, 53),
(253, 0, 3, 0, 53),
(254, 0, 4, 0, 53),
(255, 0, 5, 0, 53),
(256, 0, 1, 0, 54),
(257, 0, 2, 0, 54),
(258, 0, 3, 0, 54),
(259, 0, 4, 0, 54),
(260, 0, 5, 0, 54),
(261, 0, 1, 0, 55),
(262, 0, 2, 0, 55),
(263, 0, 3, 0, 55),
(264, 0, 4, 0, 55),
(265, 0, 5, 0, 55),
(266, 0, 1, 0, 56),
(267, 0, 2, 0, 56),
(268, 0, 3, 0, 56),
(269, 0, 4, 0, 56),
(270, 0, 5, 0, 56),
(271, 0, 1, 0, 57),
(272, 0, 2, 0, 57),
(273, 0, 3, 0, 57),
(274, 0, 4, 0, 57),
(275, 0, 5, 0, 57),
(276, 0, 1, 0, 58),
(277, 0, 2, 0, 58),
(278, 0, 3, 0, 58),
(279, 0, 4, 0, 58),
(280, 0, 5, 0, 58),
(281, 0, 1, 0, 59),
(282, 0, 2, 0, 59),
(283, 0, 3, 0, 59),
(284, 0, 4, 0, 59),
(285, 0, 5, 0, 59),
(286, 0, 1, 0, 60),
(287, 0, 2, 0, 60),
(288, 0, 3, 0, 60),
(289, 0, 4, 0, 60),
(290, 0, 5, 0, 60),
(291, 0, 1, 0, 61),
(292, 0, 2, 0, 61),
(293, 0, 3, 0, 61),
(294, 0, 4, 0, 61),
(295, 0, 5, 0, 61),
(296, 0, 1, 0, 62),
(297, 0, 2, 0, 62),
(298, 0, 3, 0, 62),
(299, 0, 4, 0, 62),
(300, 0, 5, 0, 62),
(301, 0, 1, 0, 63),
(302, 0, 2, 0, 63),
(303, 0, 3, 0, 63),
(304, 0, 4, 0, 63),
(305, 0, 5, 0, 63),
(306, 0, 1, 0, 64),
(307, 0, 2, 0, 64),
(308, 0, 3, 0, 64),
(309, 0, 4, 0, 64),
(310, 0, 5, 0, 64),
(311, 0, 1, 0, 65),
(312, 0, 2, 0, 65),
(313, 0, 3, 0, 65),
(314, 0, 4, 0, 65),
(315, 0, 5, 0, 65),
(316, 0, 1, 0, 66),
(317, 0, 2, 0, 66),
(318, 0, 3, 0, 66),
(319, 0, 4, 0, 66),
(320, 0, 5, 0, 66),
(321, 0, 1, 0, 67),
(322, 0, 2, 0, 67),
(323, 0, 3, 0, 67),
(324, 0, 4, 0, 67),
(325, 0, 5, 0, 67),
(326, 0, 1, 0, 68),
(327, 0, 2, 0, 68),
(328, 0, 3, 0, 68),
(329, 0, 4, 0, 68),
(330, 0, 5, 0, 68),
(331, 0, 1, 0, 69),
(332, 0, 2, 0, 69),
(333, 0, 3, 0, 69),
(334, 0, 4, 0, 69),
(335, 0, 5, 0, 69),
(336, 0, 1, 0, 70),
(337, 0, 2, 0, 70),
(338, 0, 3, 0, 70),
(339, 0, 4, 0, 70),
(340, 0, 5, 0, 70),
(341, 0, 1, 0, 71),
(342, 0, 2, 0, 71),
(343, 0, 3, 0, 71),
(344, 0, 4, 0, 71),
(345, 0, 5, 0, 71),
(346, 0, 1, 0, 72),
(347, 0, 2, 0, 72),
(348, 0, 3, 0, 72),
(349, 0, 4, 0, 72),
(350, 0, 5, 0, 72),
(351, 0, 1, 0, 73),
(352, 0, 2, 0, 73),
(353, 0, 3, 0, 73),
(354, 0, 4, 0, 73),
(355, 0, 5, 0, 73),
(356, 0, 1, 0, 74),
(357, 0, 2, 0, 74),
(358, 0, 3, 0, 74),
(359, 0, 4, 0, 74),
(360, 0, 5, 0, 74),
(361, 0, 1, 0, 75),
(362, 0, 2, 0, 75),
(363, 0, 3, 0, 75),
(364, 0, 4, 0, 75),
(365, 0, 5, 0, 75),
(366, 0, 1, 0, 76),
(367, 0, 2, 0, 76),
(368, 0, 3, 0, 76),
(369, 0, 4, 0, 76),
(370, 0, 5, 0, 76),
(371, 0, 1, 0, 77),
(372, 0, 2, 0, 77),
(373, 0, 3, 0, 77),
(374, 0, 4, 0, 77),
(375, 0, 5, 0, 77),
(376, 0, 1, 0, 78),
(377, 0, 2, 0, 78),
(378, 0, 3, 0, 78),
(379, 0, 4, 0, 78),
(380, 0, 5, 0, 78),
(381, 0, 1, 0, 79),
(382, 0, 2, 0, 79),
(383, 0, 3, 0, 79),
(384, 0, 4, 0, 79),
(385, 0, 5, 0, 79),
(386, 0, 1, 0, 80),
(387, 0, 2, 0, 80),
(388, 0, 3, 0, 80),
(389, 0, 4, 0, 80),
(390, 0, 5, 0, 80),
(391, 0, 1, 0, 81),
(392, 0, 2, 0, 81),
(393, 0, 3, 0, 81),
(394, 0, 4, 0, 81),
(395, 0, 5, 0, 81),
(396, 0, 1, 0, 82),
(397, 0, 2, 0, 82),
(398, 0, 3, 0, 82),
(399, 0, 4, 0, 82),
(400, 0, 5, 0, 82),
(401, 0, 1, 0, 83),
(402, 0, 2, 0, 83),
(403, 0, 3, 0, 83),
(404, 0, 4, 0, 83),
(405, 0, 5, 0, 83),
(406, 0, 1, 0, 84),
(407, 0, 2, 0, 84),
(408, 0, 3, 0, 84),
(409, 0, 4, 0, 84),
(410, 0, 5, 0, 84),
(411, 0, 1, 0, 85),
(412, 0, 2, 0, 85),
(413, 0, 3, 0, 85),
(414, 0, 4, 0, 85),
(415, 0, 5, 0, 85),
(416, 0, 1, 0, 86),
(417, 0, 2, 0, 86),
(418, 0, 3, 0, 86),
(419, 0, 4, 0, 86),
(420, 0, 5, 0, 86),
(421, 0, 1, 0, 87),
(422, 0, 2, 0, 87),
(423, 0, 3, 0, 87),
(424, 0, 4, 0, 87),
(425, 0, 5, 0, 87),
(426, 0, 1, 0, 88),
(427, 0, 2, 0, 88),
(428, 0, 3, 0, 88),
(429, 0, 4, 0, 88),
(430, 0, 5, 0, 88),
(431, 0, 1, 0, 89),
(432, 0, 2, 0, 89),
(433, 0, 3, 0, 89),
(434, 0, 4, 0, 89),
(435, 0, 5, 0, 89),
(436, 0, 1, 0, 90),
(437, 0, 2, 0, 90),
(438, 0, 3, 0, 90),
(439, 0, 4, 0, 90),
(440, 0, 5, 0, 90),
(441, 0, 1, 0, 91),
(442, 0, 2, 0, 91),
(443, 0, 3, 0, 91),
(444, 0, 4, 0, 91),
(445, 0, 5, 0, 91),
(446, 0, 1, 0, 92),
(447, 0, 2, 0, 92),
(448, 0, 3, 0, 92),
(449, 0, 4, 0, 92),
(450, 0, 5, 0, 92),
(451, 0, 1, 0, 93),
(452, 0, 2, 0, 93),
(453, 0, 3, 0, 93),
(454, 0, 4, 0, 93),
(455, 0, 5, 0, 93),
(456, 0, 1, 0, 94),
(457, 0, 2, 0, 94),
(458, 0, 3, 0, 94),
(459, 0, 4, 0, 94),
(460, 0, 5, 0, 94),
(461, 0, 1, 0, 95),
(462, 0, 2, 0, 95),
(463, 0, 3, 0, 95),
(464, 0, 4, 0, 95),
(465, 0, 5, 0, 95),
(466, 0, 1, 0, 96),
(467, 0, 2, 0, 96),
(468, 0, 3, 0, 96),
(469, 0, 4, 0, 96),
(470, 0, 5, 0, 96),
(471, 0, 1, 0, 97),
(472, 0, 2, 0, 97),
(473, 0, 3, 0, 97),
(474, 0, 4, 0, 97),
(475, 0, 5, 0, 97),
(476, 0, 1, 0, 98),
(477, 0, 2, 0, 98),
(478, 0, 3, 0, 98),
(479, 0, 4, 0, 98),
(480, 0, 5, 0, 98),
(481, 0, 1, 0, 99),
(482, 0, 2, 0, 99),
(483, 0, 3, 0, 99),
(484, 0, 4, 0, 99),
(485, 0, 5, 0, 99),
(486, 0, 1, 0, 100),
(487, 0, 2, 0, 100),
(488, 0, 3, 0, 100),
(489, 0, 4, 0, 100),
(490, 0, 5, 0, 100),
(491, 0, 1, 0, 101),
(492, 0, 2, 0, 101),
(493, 0, 3, 0, 101),
(494, 0, 4, 0, 101),
(495, 0, 5, 0, 101),
(496, 0, 1, 0, 102),
(497, 0, 2, 0, 102),
(498, 0, 3, 0, 102),
(499, 0, 4, 0, 102),
(500, 0, 5, 0, 102),
(501, 0, 1, 0, 103),
(502, 0, 2, 0, 103),
(503, 0, 3, 0, 103),
(504, 0, 4, 0, 103),
(505, 0, 5, 0, 103),
(506, 0, 1, 0, 104),
(507, 0, 2, 0, 104),
(508, 0, 3, 0, 104),
(509, 0, 4, 0, 104),
(510, 0, 5, 0, 104),
(511, 0, 1, 0, 105),
(512, 0, 2, 0, 105),
(513, 0, 3, 0, 105),
(514, 0, 4, 0, 105),
(515, 0, 5, 0, 105),
(516, 0, 1, 0, 106),
(517, 0, 2, 0, 106),
(518, 0, 3, 0, 106),
(519, 0, 4, 0, 106),
(520, 0, 5, 0, 106),
(521, 0, 1, 0, 107),
(522, 0, 2, 0, 107),
(523, 0, 3, 0, 107),
(524, 0, 4, 0, 107),
(525, 0, 5, 0, 107),
(526, 0, 1, 0, 108),
(527, 0, 2, 0, 108),
(528, 0, 3, 0, 108),
(529, 0, 4, 0, 108),
(530, 0, 5, 0, 108),
(531, 0, 1, 0, 109),
(532, 0, 2, 0, 109),
(533, 0, 3, 0, 109),
(534, 0, 4, 0, 109),
(535, 0, 5, 0, 109),
(536, 0, 1, 0, 110),
(537, 0, 2, 0, 110),
(538, 0, 3, 0, 110),
(539, 0, 4, 0, 110),
(540, 0, 5, 0, 110),
(541, 0, 1, 0, 111),
(542, 0, 2, 0, 111),
(543, 0, 3, 0, 111),
(544, 0, 4, 0, 111),
(545, 0, 5, 0, 111),
(546, 0, 1, 0, 112),
(547, 0, 2, 0, 112),
(548, 0, 3, 0, 112),
(549, 0, 4, 0, 112),
(550, 0, 5, 0, 112),
(551, 0, 1, 0, 113),
(552, 0, 2, 0, 113),
(553, 0, 3, 0, 113),
(554, 0, 4, 0, 113),
(555, 0, 5, 0, 113),
(556, 6, 1, 6, 114),
(557, 6, 2, 6, 114),
(558, 6, 3, 6, 114),
(559, 6, 4, 6, 114),
(560, 6, 5, 6, 114),
(561, 786, 1, 786, 115),
(562, 87678, 2, 678, 115),
(563, 678, 3, 687, 115),
(564, 678, 4, 678, 115),
(565, 76, 5, 787, 115),
(566, 786, 1, 786, 116),
(567, 87678, 2, 678, 116),
(568, 678, 3, 687, 116),
(569, 678, 4, 678, 116),
(570, 76, 5, 787, 116),
(571, 786, 1, 786, 117),
(572, 87678, 2, 678, 117),
(573, 678, 3, 687, 117),
(574, 678, 4, 678, 117),
(575, 76, 5, 787, 117),
(576, 786, 1, 786, 118),
(577, 87678, 2, 678, 118),
(578, 678, 3, 687, 118),
(579, 678, 4, 678, 118),
(580, 76, 5, 787, 118),
(581, 786, 1, 786, 119),
(582, 87678, 2, 678, 119),
(583, 678, 3, 687, 119),
(584, 678, 4, 678, 119),
(585, 76, 5, 787, 119),
(586, 786, 1, 786, 120),
(587, 87678, 2, 678, 120),
(588, 678, 3, 687, 120),
(589, 678, 4, 678, 120),
(590, 76, 5, 787, 120),
(591, 786, 1, 786, 121),
(592, 87678, 2, 678, 121),
(593, 678, 3, 687, 121),
(594, 678, 4, 678, 121),
(595, 76, 5, 787, 121),
(596, 786, 1, 786, 122),
(597, 87678, 2, 678, 122),
(598, 678, 3, 687, 122),
(599, 678, 4, 678, 122),
(600, 76, 5, 787, 122),
(601, 786, 1, 786, 123),
(602, 87678, 2, 678, 123),
(603, 678, 3, 687, 123),
(604, 678, 4, 678, 123),
(605, 76, 5, 787, 123),
(606, 786, 1, 786, 124),
(607, 87678, 2, 678, 124),
(608, 678, 3, 687, 124),
(609, 678, 4, 678, 124),
(610, 76, 5, 787, 124),
(611, 786, 1, 786, 125),
(612, 87678, 2, 678, 125),
(613, 678, 3, 687, 125),
(614, 678, 4, 678, 125),
(615, 76, 5, 787, 125),
(616, 0, 1, 0, 126),
(617, 0, 2, 0, 126),
(618, 0, 3, 0, 126),
(619, 0, 4, 0, 126),
(620, 0, 5, 0, 126),
(621, 0, 1, 0, 127),
(622, 0, 2, 0, 127),
(623, 0, 3, 0, 127),
(624, 0, 4, 0, 127),
(625, 0, 5, 0, 127),
(626, 0, 1, 0, 128),
(627, 0, 2, 0, 128),
(628, 0, 3, 0, 128),
(629, 0, 4, 0, 128),
(630, 0, 5, 0, 128),
(631, 0, 1, 0, 129),
(632, 0, 2, 0, 129),
(633, 0, 3, 0, 129),
(634, 0, 4, 0, 129),
(635, 0, 5, 0, 129),
(636, 0, 1, 0, 130),
(637, 0, 2, 0, 130),
(638, 0, 3, 0, 130),
(639, 0, 4, 0, 130),
(640, 0, 5, 0, 130),
(641, 0, 1, 0, 131),
(642, 0, 2, 0, 131),
(643, 0, 3, 0, 131),
(644, 0, 4, 0, 131),
(645, 0, 5, 0, 131),
(646, 0, 1, 0, 132),
(647, 0, 2, 0, 132),
(648, 0, 3, 0, 132),
(649, 0, 4, 0, 132),
(650, 0, 5, 0, 132),
(651, 0, 1, 0, 133),
(652, 0, 2, 0, 133),
(653, 0, 3, 0, 133),
(654, 0, 4, 0, 133),
(655, 0, 5, 0, 133),
(656, 0, 1, 0, 134),
(657, 0, 2, 0, 134),
(658, 0, 3, 0, 134),
(659, 0, 4, 0, 134),
(660, 0, 5, 0, 134),
(661, 0, 1, 0, 135),
(662, 0, 2, 0, 135),
(663, 0, 3, 0, 135),
(664, 0, 4, 0, 135),
(665, 0, 5, 0, 135),
(666, 0, 1, 0, 136),
(667, 0, 2, 0, 136),
(668, 0, 3, 0, 136),
(669, 0, 4, 0, 136),
(670, 0, 5, 0, 136),
(671, 0, 1, 0, 137),
(672, 0, 2, 0, 137),
(673, 0, 3, 0, 137),
(674, 0, 4, 0, 137),
(675, 0, 5, 0, 137),
(676, 0, 1, 0, 138),
(677, 0, 2, 0, 138),
(678, 0, 3, 0, 138),
(679, 0, 4, 0, 138),
(680, 0, 5, 0, 138),
(681, 0, 1, 0, 139),
(682, 0, 2, 0, 139),
(683, 0, 3, 0, 139),
(684, 0, 4, 0, 139),
(685, 0, 5, 0, 139);

-- --------------------------------------------------------

--
-- Table structure for table `resp_opmatematicas`
--

CREATE TABLE `resp_opmatematicas` (
  `id_respuesta` bigint(20) NOT NULL,
  `resultado` double NOT NULL,
  `id_pregunta` int(11) NOT NULL,
  `id_evaluacion` int(11) NOT NULL
) ENGINE=InnoDB DEFAULT CHARSET=utf8 COLLATE=utf8_spanish2_ci;

--
-- Dumping data for table `resp_opmatematicas`
--

INSERT INTO `resp_opmatematicas` (`id_respuesta`, `resultado`, `id_pregunta`, `id_evaluacion`) VALUES
(203, 7, 1, 5),
(204, 7, 2, 5),
(205, 7, 3, 5),
(206, 7, 4, 5),
(207, 7, 5, 5),
(208, 7, 6, 5),
(209, 7, 7, 5),
(210, 7, 8, 5),
(211, 7, 9, 5),
(212, 7, 10, 5),
(213, 7, 11, 5),
(214, 7, 12, 5),
(215, 7, 13, 5),
(216, 7, 14, 5),
(217, 7, 15, 5),
(218, 7, 16, 5),
(219, 7, 17, 5),
(220, 7, 18, 5),
(221, 7, 19, 5),
(222, 7, 20, 5),
(223, 7, 21, 5),
(224, 7, 22, 5),
(225, 7, 23, 5),
(226, 7, 24, 5),
(227, 7, 25, 5),
(228, 7, 26, 5),
(229, 7, 27, 5),
(230, 7, 28, 5),
(231, 7, 29, 5),
(232, 7, 30, 5),
(233, 7, 31, 5),
(234, 7, 32, 5),
(235, 7, 33, 5),
(236, 7, 34, 5),
(237, 7, 35, 5),
(238, 7, 36, 5),
(239, 7, 37, 5),
(240, 7, 38, 5),
(241, 8, 1, 6),
(242, 8, 2, 6),
(243, 8, 3, 6),
(244, 8, 4, 6),
(245, 8, 5, 6),
(246, 8, 6, 6),
(247, 8, 7, 6),
(248, 8, 8, 6),
(249, 8, 9, 6),
(250, 8, 10, 6),
(251, 8, 11, 6),
(252, 8, 12, 6),
(253, 8, 13, 6),
(254, 8, 14, 6),
(255, 8, 15, 6),
(256, 8, 16, 6),
(257, 8, 17, 6),
(258, 8, 18, 6),
(259, 8, 19, 6),
(260, 8, 20, 6),
(261, 8, 21, 6),
(262, 8, 22, 6),
(263, 8, 23, 6),
(264, 8, 24, 6),
(265, 8, 25, 6),
(266, 8, 26, 6),
(267, 8, 27, 6),
(268, 8, 28, 6),
(269, 8, 29, 6),
(270, 8, 30, 6),
(271, 8, 31, 6),
(272, 8, 32, 6),
(273, 8, 33, 6),
(274, 8, 34, 6),
(275, 8, 35, 6),
(276, 8, 36, 6),
(277, 8, 37, 6),
(278, 8, 38, 6),
(279, 0, 1, 7),
(280, 0, 2, 7),
(281, 0, 3, 7),
(282, 0, 4, 7),
(283, 0, 5, 7),
(284, 0, 6, 7),
(285, 0, 7, 7),
(286, 0, 8, 7),
(287, 0, 9, 7),
(288, 0, 10, 7),
(289, 0, 11, 7),
(290, 0, 12, 7),
(291, 0, 13, 7),
(292, 0, 14, 7),
(293, 0, 15, 7),
(294, 0, 16, 7),
(295, 0, 17, 7),
(296, 0, 18, 7),
(297, 0, 19, 7),
(298, 0, 20, 7),
(299, 0, 21, 7),
(300, 0, 22, 7),
(301, 0, 23, 7),
(302, 0, 24, 7),
(303, 0, 25, 7),
(304, 0, 26, 7),
(305, 0, 27, 7),
(306, 0, 28, 7),
(307, 0, 29, 7),
(308, 0, 30, 7),
(309, 0, 31, 7),
(310, 0, 32, 7),
(311, 0, 33, 7),
(312, 0, 34, 7),
(313, 0, 35, 7),
(314, 0, 36, 7),
(315, 0, 37, 7),
(316, 0, 38, 7),
(317, 0, 39, 7),
(318, 0, 40, 7),
(319, 0, 41, 7),
(320, 0, 42, 7),
(321, 0, 43, 7),
(322, 0, 44, 7),
(323, 6, 1, 8),
(324, 6, 2, 8),
(325, 6, 3, 8),
(326, 6, 4, 8),
(327, 6, 5, 8),
(328, 6, 6, 8),
(329, 6, 7, 8),
(330, 6, 8, 8),
(331, 6, 9, 8),
(332, 6, 10, 8),
(333, 6, 11, 8),
(334, 6, 12, 8),
(335, 6, 13, 8),
(336, 6, 14, 8),
(337, 6, 15, 8),
(338, 6, 16, 8),
(339, 6, 17, 8),
(340, 6, 18, 8),
(341, 6, 19, 8),
(342, 6, 20, 8),
(343, 6, 21, 8),
(344, 6, 22, 8),
(345, 6, 23, 8),
(346, 6, 24, 8),
(347, 6, 25, 8),
(348, 6, 26, 8),
(349, 6, 27, 8),
(350, 6, 28, 8),
(351, 6, 29, 8),
(352, 6, 30, 8),
(353, 6, 31, 8),
(354, 6, 32, 8),
(355, 6, 33, 8),
(356, 6, 34, 8),
(357, 6, 35, 8),
(358, 6, 36, 8),
(359, 6, 37, 8),
(360, 6, 38, 8),
(361, 6, 39, 8),
(362, 6, 40, 8),
(363, 6, 41, 8),
(364, 6, 42, 8),
(365, 6, 43, 8),
(366, 6, 44, 8),
(367, 9, 1, 9),
(368, 9, 2, 9),
(369, 9, 3, 9),
(370, 9, 4, 9),
(371, 9, 5, 9),
(372, 9, 6, 9),
(373, 9, 7, 9),
(374, 9, 8, 9),
(375, 9, 9, 9),
(376, 9, 10, 9),
(377, 9, 11, 9),
(378, 9, 12, 9),
(379, 9, 13, 9),
(380, 9, 14, 9),
(381, 9, 15, 9),
(382, 9, 16, 9),
(383, 9, 17, 9),
(384, 9, 18, 9),
(385, 9, 19, 9),
(386, 9, 20, 9),
(387, 9, 21, 9),
(388, 9, 22, 9),
(389, 9, 23, 9),
(390, 9, 24, 9),
(391, 9, 25, 9),
(392, 9, 26, 9),
(393, 9, 27, 9),
(394, 9, 28, 9),
(395, 9, 29, 9),
(396, 9, 30, 9),
(397, 9, 31, 9),
(398, 9, 32, 9),
(399, 9, 33, 9),
(400, 9, 34, 9),
(401, 9, 35, 9),
(402, 9, 36, 9),
(403, 9, 37, 9),
(404, 9, 38, 9),
(405, 9, 39, 9),
(406, 9, 40, 9),
(407, 9, 41, 9),
(408, 9, 42, 9),
(409, 9, 43, 9),
(410, 9, 44, 9),
(411, 5, 1, 10),
(412, 5, 2, 10),
(413, 5, 3, 10),
(414, 5, 4, 10),
(415, 5, 5, 10),
(416, 5, 6, 10),
(417, 5, 7, 10),
(418, 5, 8, 10),
(419, 5, 9, 10),
(420, 5, 10, 10),
(421, 5, 11, 10),
(422, 5, 12, 10),
(423, 5, 13, 10),
(424, 5, 14, 10),
(425, 5, 15, 10),
(426, 5, 16, 10),
(427, 5, 17, 10),
(428, 5, 18, 10),
(429, 5, 19, 10),
(430, 5, 20, 10),
(431, 5, 21, 10),
(432, 5, 22, 10),
(433, 5, 23, 10),
(434, 5, 24, 10),
(435, 5, 25, 10),
(436, 5, 26, 10),
(437, 5, 27, 10),
(438, 5, 28, 10),
(439, 5, 29, 10),
(440, 5, 30, 10),
(441, 5, 31, 10),
(442, 5, 32, 10),
(443, 5, 33, 10),
(444, 5, 34, 10),
(445, 5, 35, 10),
(446, 5, 36, 10),
(447, 5, 37, 10),
(448, 5, 38, 10),
(449, 5, 39, 10),
(450, 5, 40, 10),
(451, 5, 41, 10),
(452, 5, 42, 10),
(453, 5, 43, 10),
(454, 5, 44, 10),
(455, 35141, 1, 11),
(456, 15789, 2, 11),
(457, 18199, 3, 11),
(458, 15808, 4, 11),
(459, 9, 5, 11),
(460, 9, 6, 11),
(461, 9, 7, 11),
(462, 9, 8, 11),
(463, 9, 9, 11),
(464, 9, 10, 11),
(465, 9, 11, 11),
(466, 9, 12, 11),
(467, 9, 13, 11),
(468, 9, 14, 11),
(469, 9, 15, 11),
(470, 9, 16, 11),
(471, 9, 17, 11),
(472, 9, 18, 11),
(473, 9, 19, 11),
(474, 9, 20, 11),
(475, 9, 21, 11),
(476, 9, 22, 11),
(477, 9, 23, 11),
(478, 9, 24, 11),
(479, 9, 25, 11),
(480, 9, 26, 11),
(481, 9, 27, 11),
(482, 9, 28, 11),
(483, 9, 29, 11),
(484, 9, 30, 11),
(485, 9, 31, 11),
(486, 9, 32, 11),
(487, 9, 33, 11),
(488, 9, 34, 11),
(489, 9, 35, 11),
(490, 9, 36, 11),
(491, 9, 37, 11),
(492, 9, 38, 11),
(493, 9, 39, 11),
(494, 9, 40, 11),
(495, 9, 41, 11),
(496, 9, 42, 11),
(497, 9, 43, 11),
(498, 9, 44, 11),
(499, 35141, 1, 13),
(500, 15789, 2, 13),
(501, 18199, 3, 13),
(502, 15808, 4, 13),
(503, 0, 5, 13),
(504, 0, 6, 13),
(505, 0, 7, 13),
(506, 0, 8, 13),
(507, 0, 9, 13),
(508, 0, 10, 13),
(509, 0, 11, 13),
(510, 0, 12, 13),
(511, 0, 13, 13),
(512, 0, 14, 13),
(513, 0, 15, 13),
(514, 0, 16, 13),
(515, 0, 17, 13),
(516, 0, 18, 13),
(517, 0, 19, 13),
(518, 0, 20, 13),
(519, 0, 21, 13),
(520, 0, 22, 13),
(521, 0, 23, 13),
(522, 0, 24, 13),
(523, 0, 25, 13),
(524, 0, 26, 13),
(525, 0, 27, 13),
(526, 0, 28, 13),
(527, 0, 29, 13),
(528, 0, 30, 13),
(529, 0, 31, 13),
(530, 0, 32, 13),
(531, 0, 33, 13),
(532, 0, 34, 13),
(533, 0, 35, 13),
(534, 0, 36, 13),
(535, 0, 37, 13),
(536, 0, 38, 13),
(537, 0, 39, 13),
(538, 0, 40, 13),
(539, 0, 41, 13),
(540, 0, 42, 13),
(541, 0, 43, 13),
(542, 0, 44, 13),
(543, 0, 1, 14),
(544, 0, 2, 14),
(545, 0, 3, 14),
(546, 15808, 4, 14),
(547, 0, 5, 14),
(548, 0, 6, 14),
(549, 0, 7, 14),
(550, 0, 8, 14),
(551, 0, 9, 14),
(552, 0, 10, 14),
(553, 0, 11, 14),
(554, 0, 12, 14),
(555, 0, 13, 14),
(556, 0, 14, 14),
(557, 0, 15, 14),
(558, 0, 16, 14),
(559, 0, 17, 14),
(560, 0, 18, 14),
(561, 0, 19, 14),
(562, 0, 20, 14),
(563, 0, 21, 14),
(564, 0, 22, 14),
(565, 0, 23, 14),
(566, 0, 24, 14),
(567, 0, 25, 14),
(568, 0, 26, 14),
(569, 0, 27, 14),
(570, 0, 28, 14),
(571, 0, 29, 14),
(572, 0, 30, 14),
(573, 0, 31, 14),
(574, 0, 32, 14),
(575, 0, 33, 14),
(576, 0, 34, 14),
(577, 0, 35, 14),
(578, 0, 36, 14),
(579, 0, 37, 14),
(580, 0, 38, 14),
(581, 0, 39, 14),
(582, 0, 40, 14),
(583, 0, 41, 14),
(584, 0, 42, 14),
(585, 0, 43, 14),
(586, 0, 44, 14),
(587, 35141, 1, 15),
(588, 15789, 2, 15),
(589, 18199, 3, 15),
(590, 15808, 4, 15),
(591, 0, 5, 15),
(592, 0, 6, 15),
(593, 0, 7, 15),
(594, 0, 8, 15),
(595, 0, 9, 15),
(596, 0, 10, 15),
(597, 0, 11, 15),
(598, 0, 12, 15),
(599, 0, 13, 15),
(600, 0, 14, 15),
(601, 0, 15, 15),
(602, 0, 16, 15),
(603, 0, 17, 15),
(604, 0, 18, 15),
(605, 0, 19, 15),
(606, 0, 20, 15),
(607, 0, 21, 15),
(608, 0, 22, 15),
(609, 0, 23, 15),
(610, 0, 24, 15),
(611, 0, 25, 15),
(612, 0, 26, 15),
(613, 0, 27, 15),
(614, 0, 28, 15),
(615, 0, 29, 15),
(616, 0, 30, 15),
(617, 0, 31, 15),
(618, 0, 32, 15),
(619, 0, 33, 15),
(620, 0, 34, 15),
(621, 0, 35, 15),
(622, 0, 36, 15),
(623, 0, 37, 15),
(624, 0, 38, 15),
(625, 0, 39, 15),
(626, 0, 40, 15),
(627, 0, 41, 15),
(628, 0, 42, 15),
(629, 0, 43, 15),
(630, 0, 44, 15),
(631, 9, 1, 16),
(632, 9, 2, 16),
(633, 9, 3, 16),
(634, 9, 4, 16),
(635, 9, 5, 16),
(636, 9, 6, 16),
(637, 9, 7, 16),
(638, 9, 8, 16),
(639, 9, 9, 16),
(640, 9, 10, 16),
(641, 9, 11, 16),
(642, 9, 12, 16),
(643, 9, 13, 16),
(644, 9, 14, 16),
(645, 9, 15, 16),
(646, 9, 16, 16),
(647, 9, 17, 16),
(648, 9, 18, 16),
(649, 9, 19, 16),
(650, 9, 20, 16),
(651, 9, 21, 16),
(652, 9, 22, 16),
(653, 9, 23, 16),
(654, 9, 24, 16),
(655, 9, 25, 16),
(656, 9, 26, 16),
(657, 9, 27, 16),
(658, 9, 28, 16),
(659, 9, 29, 16),
(660, 9, 30, 16),
(661, 9, 31, 16),
(662, 9, 32, 16),
(663, 9, 33, 16),
(664, 9, 34, 16),
(665, 9, 35, 16),
(666, 9, 36, 16),
(667, 9, 37, 16),
(668, 9, 38, 16),
(669, 9, 39, 16),
(670, 9, 40, 16),
(671, 9, 41, 16),
(672, 9, 42, 16),
(673, 9, 43, 16),
(674, 9, 44, 16),
(675, 9, 1, 17),
(676, 9, 2, 17),
(677, 9, 3, 17),
(678, 9, 4, 17),
(679, 9, 5, 17),
(680, 9, 6, 17),
(681, 9, 7, 17),
(682, 9, 8, 17),
(683, 9, 9, 17),
(684, 9, 10, 17),
(685, 9, 11, 17),
(686, 9, 12, 17),
(687, 9, 13, 17),
(688, 9, 14, 17),
(689, 9, 15, 17),
(690, 9, 16, 17),
(691, 9, 17, 17),
(692, 9, 18, 17),
(693, 9, 19, 17),
(694, 9, 20, 17),
(695, 9, 21, 17),
(696, 9, 22, 17),
(697, 9, 23, 17),
(698, 9, 24, 17),
(699, 9, 25, 17),
(700, 9, 26, 17),
(701, 9, 27, 17),
(702, 9, 28, 17),
(703, 9, 29, 17),
(704, 9, 30, 17),
(705, 9, 31, 17),
(706, 9, 32, 17),
(707, 9, 33, 17),
(708, 9, 34, 17),
(709, 9, 35, 17),
(710, 9, 36, 17),
(711, 9, 37, 17),
(712, 9, 38, 17),
(713, 9, 39, 17),
(714, 9, 40, 17),
(715, 9, 41, 17),
(716, 9, 42, 17),
(717, 9, 43, 17),
(718, 9, 44, 17),
(719, 9, 1, 18),
(720, 9, 2, 18),
(721, 9, 3, 18),
(722, 9, 4, 18),
(723, 9, 5, 18),
(724, 9, 6, 18),
(725, 9, 7, 18),
(726, 9, 8, 18),
(727, 9, 9, 18),
(728, 9, 10, 18),
(729, 9, 11, 18),
(730, 9, 12, 18),
(731, 9, 13, 18),
(732, 9, 14, 18),
(733, 9, 15, 18),
(734, 9, 16, 18),
(735, 9, 17, 18),
(736, 9, 18, 18),
(737, 9, 19, 18),
(738, 9, 20, 18),
(739, 9, 21, 18),
(740, 9, 22, 18),
(741, 9, 23, 18),
(742, 9, 24, 18),
(743, 9, 25, 18),
(744, 9, 26, 18),
(745, 9, 27, 18),
(746, 9, 28, 18),
(747, 9, 29, 18),
(748, 9, 30, 18),
(749, 9, 31, 18),
(750, 9, 32, 18),
(751, 9, 33, 18),
(752, 9, 34, 18),
(753, 9, 35, 18),
(754, 9, 36, 18),
(755, 9, 37, 18),
(756, 9, 38, 18),
(757, 9, 39, 18),
(758, 9, 40, 18),
(759, 9, 41, 18),
(760, 9, 42, 18),
(761, 9, 43, 18),
(762, 9, 44, 18),
(763, 0, 1, 19),
(764, 0, 2, 19),
(765, 0, 3, 19),
(766, 0, 4, 19),
(767, 0, 5, 19),
(768, 0, 6, 19),
(769, 0, 7, 19),
(770, 0, 8, 19),
(771, 0, 9, 19),
(772, 0, 10, 19),
(773, 0, 11, 19),
(774, 0, 12, 19),
(775, 0, 13, 19),
(776, 0, 14, 19),
(777, 0, 15, 19),
(778, 0, 16, 19),
(779, 0, 17, 19),
(780, 0, 18, 19),
(781, 0, 19, 19),
(782, 0, 20, 19),
(783, 0, 21, 19),
(784, 0, 22, 19),
(785, 0, 23, 19),
(786, 0, 24, 19),
(787, 0, 25, 19),
(788, 0, 26, 19),
(789, 0, 27, 19),
(790, 0, 28, 19),
(791, 0, 29, 19),
(792, 0, 30, 19),
(793, 0, 31, 19),
(794, 0, 32, 19),
(795, 0, 33, 19),
(796, 0, 34, 19),
(797, 0, 35, 19),
(798, 0, 36, 19),
(799, 0, 37, 19),
(800, 0, 38, 19),
(801, 0, 39, 19),
(802, 0, 40, 19),
(803, 0, 41, 19),
(804, 0, 42, 19),
(805, 0, 43, 19),
(806, 0, 44, 19),
(807, 0, 1, 20),
(808, 0, 2, 20),
(809, 0, 3, 20),
(810, 0, 4, 20),
(811, 0, 5, 20),
(812, 0, 6, 20),
(813, 0, 7, 20),
(814, 0, 8, 20),
(815, 0, 9, 20),
(816, 0, 10, 20),
(817, 0, 11, 20),
(818, 0, 12, 20),
(819, 0, 13, 20),
(820, 0, 14, 20),
(821, 0, 15, 20),
(822, 0, 16, 20),
(823, 0, 17, 20),
(824, 0, 18, 20),
(825, 0, 19, 20),
(826, 0, 20, 20),
(827, 0, 21, 20),
(828, 0, 22, 20),
(829, 0, 23, 20),
(830, 0, 24, 20),
(831, 0, 25, 20),
(832, 0, 26, 20),
(833, 0, 27, 20),
(834, 0, 28, 20),
(835, 0, 29, 20),
(836, 0, 30, 20),
(837, 0, 31, 20),
(838, 0, 32, 20),
(839, 0, 33, 20),
(840, 0, 34, 20),
(841, 0, 35, 20),
(842, 0, 36, 20),
(843, 0, 37, 20),
(844, 0, 38, 20),
(845, 0, 39, 20),
(846, 0, 40, 20),
(847, 0, 41, 20),
(848, 0, 42, 20),
(849, 0, 43, 20),
(850, 0, 44, 20),
(851, 2, 1, 21),
(852, 2, 2, 21),
(853, 2, 3, 21),
(854, 2, 4, 21),
(855, 2, 5, 21),
(856, 2, 6, 21),
(857, 2, 7, 21),
(858, 2, 8, 21),
(859, 2, 9, 21),
(860, 2, 10, 21),
(861, 2, 11, 21),
(862, 2, 12, 21),
(863, 2, 13, 21),
(864, 2, 14, 21),
(865, 2, 15, 21),
(866, 2, 16, 21),
(867, 2, 17, 21),
(868, 2, 18, 21),
(869, 2, 19, 21),
(870, 2, 20, 21),
(871, 2, 21, 21),
(872, 2, 22, 21),
(873, 2, 23, 21),
(874, 2, 24, 21),
(875, 2, 25, 21),
(876, 2, 26, 21),
(877, 2, 27, 21),
(878, 2, 28, 21),
(879, 2, 29, 21),
(880, 2, 30, 21),
(881, 2, 31, 21),
(882, 2, 32, 21),
(883, 2, 33, 21),
(884, 2, 34, 21),
(885, 2, 35, 21),
(886, 2, 36, 21),
(887, 2, 37, 21),
(888, 2, 38, 21),
(889, 2, 39, 21),
(890, 2, 40, 21),
(891, 2, 41, 21),
(892, 2, 42, 21),
(893, 2, 43, 21),
(894, 2, 44, 21),
(895, 35141, 1, 22),
(896, 15789, 2, 22),
(897, 18199, 3, 22),
(898, 15808, 4, 22),
(899, 0, 5, 22),
(900, 0, 6, 22),
(901, 0, 7, 22),
(902, 0, 8, 22),
(903, 0, 9, 22),
(904, 0, 10, 22),
(905, 0, 11, 22),
(906, 0, 12, 22),
(907, 0, 13, 22),
(908, 0, 14, 22),
(909, 0, 15, 22),
(910, 0, 16, 22),
(911, 0, 17, 22),
(912, 0, 18, 22),
(913, 0, 19, 22),
(914, 0, 20, 22),
(915, 0, 21, 22),
(916, 0, 22, 22),
(917, 0, 23, 22),
(918, 0, 24, 22),
(919, 0, 25, 22),
(920, 0, 26, 22),
(921, 0, 27, 22),
(922, 0, 28, 22),
(923, 0, 29, 22),
(924, 0, 30, 22),
(925, 0, 31, 22),
(926, 0, 32, 22),
(927, 0, 33, 22),
(928, 0, 34, 22),
(929, 0, 35, 22),
(930, 0, 36, 22),
(931, 0, 37, 22),
(932, 0, 38, 22),
(933, 0, 39, 22),
(934, 0, 40, 22),
(935, 0, 41, 22),
(936, 0, 42, 22),
(937, 0, 43, 22),
(938, 0, 44, 22),
(939, 0, 1, 23),
(940, 0, 2, 23),
(941, 0, 3, 23),
(942, 0, 4, 23),
(943, 0, 5, 23),
(944, 0, 6, 23),
(945, 0, 7, 23),
(946, 0, 8, 23),
(947, 0, 9, 23),
(948, 0, 10, 23),
(949, 0, 11, 23),
(950, 0, 12, 23),
(951, 0, 13, 23),
(952, 0, 14, 23),
(953, 0, 15, 23),
(954, 0, 16, 23),
(955, 0, 17, 23),
(956, 0, 18, 23),
(957, 0, 19, 23),
(958, 0, 20, 23),
(959, 0, 21, 23),
(960, 0, 22, 23),
(961, 0, 23, 23),
(962, 0, 24, 23),
(963, 0, 25, 23),
(964, 0, 26, 23),
(965, 0, 27, 23),
(966, 0, 28, 23),
(967, 0, 29, 23),
(968, 0, 30, 23),
(969, 0, 31, 23),
(970, 0, 32, 23),
(971, 0, 33, 23),
(972, 0, 34, 23),
(973, 0, 35, 23),
(974, 0, 36, 23),
(975, 0, 37, 23),
(976, 0, 38, 23),
(977, 0, 39, 23),
(978, 0, 40, 23),
(979, 0, 41, 23),
(980, 0, 42, 23),
(981, 0, 43, 23),
(982, 0, 44, 23),
(983, 0, 1, 24),
(984, 0, 2, 24),
(985, 0, 3, 24),
(986, 0, 4, 24),
(987, 0, 5, 24),
(988, 0, 6, 24),
(989, 0, 7, 24),
(990, 0, 8, 24),
(991, 0, 9, 24),
(992, 0, 10, 24),
(993, 0, 11, 24),
(994, 0, 12, 24),
(995, 0, 13, 24),
(996, 0, 14, 24),
(997, 0, 15, 24),
(998, 0, 16, 24),
(999, 0, 17, 24),
(1000, 0, 18, 24),
(1001, 0, 19, 24),
(1002, 0, 20, 24),
(1003, 0, 21, 24),
(1004, 0, 22, 24),
(1005, 0, 23, 24),
(1006, 0, 24, 24),
(1007, 0, 25, 24),
(1008, 0, 26, 24),
(1009, 0, 27, 24),
(1010, 0, 28, 24),
(1011, 0, 29, 24),
(1012, 0, 30, 24),
(1013, 0, 31, 24),
(1014, 0, 32, 24),
(1015, 0, 33, 24),
(1016, 0, 34, 24),
(1017, 0, 35, 24),
(1018, 0, 36, 24),
(1019, 0, 37, 24),
(1020, 0, 38, 24),
(1021, 0, 39, 24),
(1022, 0, 40, 24),
(1023, 0, 41, 24),
(1024, 0, 42, 24),
(1025, 0, 43, 24),
(1026, 0, 44, 24),
(1027, 0, 1, 25),
(1028, 0, 2, 25),
(1029, 0, 3, 25),
(1030, 0, 4, 25),
(1031, 0, 5, 25),
(1032, 0, 6, 25),
(1033, 0, 7, 25),
(1034, 0, 8, 25),
(1035, 0, 9, 25),
(1036, 0, 10, 25),
(1037, 0, 11, 25),
(1038, 0, 12, 25),
(1039, 0, 13, 25),
(1040, 0, 14, 25),
(1041, 0, 15, 25),
(1042, 0, 16, 25),
(1043, 0, 17, 25),
(1044, 0, 18, 25),
(1045, 0, 19, 25),
(1046, 0, 20, 25),
(1047, 0, 21, 25),
(1048, 0, 22, 25),
(1049, 0, 23, 25),
(1050, 0, 24, 25),
(1051, 0, 25, 25),
(1052, 0, 26, 25),
(1053, 0, 27, 25),
(1054, 0, 28, 25),
(1055, 0, 29, 25),
(1056, 0, 30, 25),
(1057, 0, 31, 25),
(1058, 0, 32, 25),
(1059, 0, 33, 25),
(1060, 0, 34, 25),
(1061, 0, 35, 25),
(1062, 0, 36, 25),
(1063, 0, 37, 25),
(1064, 0, 38, 25),
(1065, 0, 39, 25),
(1066, 0, 40, 25),
(1067, 0, 41, 25),
(1068, 0, 42, 25),
(1069, 0, 43, 25),
(1070, 0, 44, 25),
(1071, 0, 1, 26),
(1072, 0, 2, 26),
(1073, 0, 3, 26),
(1074, 0, 4, 26),
(1075, 0, 5, 26),
(1076, 0, 6, 26),
(1077, 0, 7, 26),
(1078, 0, 8, 26),
(1079, 0, 9, 26),
(1080, 0, 10, 26),
(1081, 0, 11, 26),
(1082, 0, 12, 26),
(1083, 0, 13, 26),
(1084, 0, 14, 26),
(1085, 0, 15, 26),
(1086, 0, 16, 26),
(1087, 0, 17, 26),
(1088, 0, 18, 26),
(1089, 0, 19, 26),
(1090, 0, 20, 26),
(1091, 0, 21, 26),
(1092, 0, 22, 26),
(1093, 0, 23, 26),
(1094, 0, 24, 26),
(1095, 0, 25, 26),
(1096, 0, 26, 26),
(1097, 0, 27, 26),
(1098, 0, 28, 26),
(1099, 0, 29, 26),
(1100, 0, 30, 26),
(1101, 0, 31, 26),
(1102, 0, 32, 26),
(1103, 0, 33, 26),
(1104, 0, 34, 26),
(1105, 0, 35, 26),
(1106, 0, 36, 26),
(1107, 0, 37, 26),
(1108, 0, 38, 26),
(1109, 0, 39, 26),
(1110, 0, 40, 26),
(1111, 0, 41, 26),
(1112, 0, 42, 26),
(1113, 0, 43, 26),
(1114, 0, 44, 26),
(1115, 0, 1, 27),
(1116, 0, 2, 27),
(1117, 0, 3, 27),
(1118, 0, 4, 27),
(1119, 0, 5, 27),
(1120, 0, 6, 27),
(1121, 0, 7, 27),
(1122, 0, 8, 27),
(1123, 0, 9, 27),
(1124, 0, 10, 27),
(1125, 0, 11, 27),
(1126, 0, 12, 27),
(1127, 0, 13, 27),
(1128, 0, 14, 27),
(1129, 0, 15, 27),
(1130, 0, 16, 27),
(1131, 0, 17, 27),
(1132, 0, 18, 27),
(1133, 0, 19, 27),
(1134, 0, 20, 27),
(1135, 0, 21, 27),
(1136, 0, 22, 27),
(1137, 0, 23, 27),
(1138, 0, 24, 27),
(1139, 0, 25, 27),
(1140, 0, 26, 27),
(1141, 0, 27, 27),
(1142, 0, 28, 27),
(1143, 0, 29, 27),
(1144, 0, 30, 27),
(1145, 0, 31, 27),
(1146, 0, 32, 27),
(1147, 0, 33, 27),
(1148, 0, 34, 27),
(1149, 0, 35, 27),
(1150, 0, 36, 27),
(1151, 0, 37, 27),
(1152, 0, 38, 27),
(1153, 0, 39, 27),
(1154, 0, 40, 27),
(1155, 0, 41, 27),
(1156, 0, 42, 27),
(1157, 0, 43, 27),
(1158, 0, 44, 27),
(1159, 0, 1, 28),
(1160, 0, 2, 28),
(1161, 0, 3, 28),
(1162, 0, 4, 28),
(1163, 0, 5, 28),
(1164, 0, 6, 28),
(1165, 0, 7, 28),
(1166, 0, 8, 28),
(1167, 0, 9, 28),
(1168, 0, 10, 28),
(1169, 0, 11, 28),
(1170, 0, 12, 28),
(1171, 0, 13, 28),
(1172, 0, 14, 28),
(1173, 0, 15, 28),
(1174, 0, 16, 28),
(1175, 0, 17, 28),
(1176, 0, 18, 28),
(1177, 0, 19, 28),
(1178, 0, 20, 28),
(1179, 0, 21, 28),
(1180, 0, 22, 28),
(1181, 0, 23, 28),
(1182, 0, 24, 28),
(1183, 0, 25, 28),
(1184, 0, 26, 28),
(1185, 0, 27, 28),
(1186, 0, 28, 28),
(1187, 0, 29, 28),
(1188, 0, 30, 28),
(1189, 0, 31, 28),
(1190, 0, 32, 28),
(1191, 0, 33, 28),
(1192, 0, 34, 28),
(1193, 0, 35, 28),
(1194, 0, 36, 28),
(1195, 0, 37, 28),
(1196, 0, 38, 28),
(1197, 0, 39, 28),
(1198, 0, 40, 28),
(1199, 0, 41, 28),
(1200, 0, 42, 28),
(1201, 0, 43, 28),
(1202, 0, 44, 28),
(1203, 0, 1, 29),
(1204, 0, 2, 29),
(1205, 0, 3, 29),
(1206, 0, 4, 29),
(1207, 0, 5, 29),
(1208, 0, 6, 29),
(1209, 0, 7, 29),
(1210, 0, 8, 29),
(1211, 0, 9, 29),
(1212, 0, 10, 29),
(1213, 0, 11, 29),
(1214, 0, 12, 29),
(1215, 0, 13, 29),
(1216, 0, 14, 29),
(1217, 0, 15, 29),
(1218, 0, 16, 29),
(1219, 0, 17, 29),
(1220, 0, 18, 29),
(1221, 0, 19, 29),
(1222, 0, 20, 29),
(1223, 0, 21, 29),
(1224, 0, 22, 29),
(1225, 0, 23, 29),
(1226, 0, 24, 29),
(1227, 0, 25, 29),
(1228, 0, 26, 29),
(1229, 0, 27, 29),
(1230, 0, 28, 29),
(1231, 0, 29, 29),
(1232, 0, 30, 29),
(1233, 0, 31, 29),
(1234, 0, 32, 29),
(1235, 0, 33, 29),
(1236, 0, 34, 29),
(1237, 0, 35, 29),
(1238, 0, 36, 29),
(1239, 0, 37, 29),
(1240, 0, 38, 29),
(1241, 0, 39, 29),
(1242, 0, 40, 29),
(1243, 0, 41, 29),
(1244, 0, 42, 29),
(1245, 0, 43, 29),
(1246, 0, 44, 29),
(1247, 0, 1, 30),
(1248, 0, 2, 30),
(1249, 0, 3, 30),
(1250, 0, 4, 30),
(1251, 0, 5, 30),
(1252, 0, 6, 30),
(1253, 0, 7, 30),
(1254, 0, 8, 30),
(1255, 0, 9, 30),
(1256, 0, 10, 30),
(1257, 0, 11, 30),
(1258, 0, 12, 30),
(1259, 0, 13, 30),
(1260, 0, 14, 30),
(1261, 0, 15, 30),
(1262, 0, 16, 30),
(1263, 0, 17, 30),
(1264, 0, 18, 30),
(1265, 0, 19, 30),
(1266, 0, 20, 30),
(1267, 0, 21, 30),
(1268, 0, 22, 30),
(1269, 0, 23, 30),
(1270, 0, 24, 30),
(1271, 0, 25, 30),
(1272, 0, 26, 30),
(1273, 0, 27, 30),
(1274, 0, 28, 30),
(1275, 0, 29, 30),
(1276, 0, 30, 30),
(1277, 0, 31, 30),
(1278, 0, 32, 30),
(1279, 0, 33, 30),
(1280, 0, 34, 30),
(1281, 0, 35, 30),
(1282, 0, 36, 30),
(1283, 0, 37, 30),
(1284, 0, 38, 30),
(1285, 0, 39, 30),
(1286, 0, 40, 30),
(1287, 0, 41, 30),
(1288, 0, 42, 30),
(1289, 0, 43, 30),
(1290, 0, 44, 30),
(1291, 0, 1, 31),
(1292, 0, 2, 31),
(1293, 0, 3, 31),
(1294, 0, 4, 31),
(1295, 0, 5, 31),
(1296, 0, 6, 31),
(1297, 0, 7, 31),
(1298, 0, 8, 31),
(1299, 0, 9, 31),
(1300, 0, 10, 31),
(1301, 0, 11, 31),
(1302, 0, 12, 31),
(1303, 0, 13, 31),
(1304, 0, 14, 31),
(1305, 0, 15, 31),
(1306, 0, 16, 31),
(1307, 0, 17, 31),
(1308, 0, 18, 31),
(1309, 0, 19, 31),
(1310, 0, 20, 31),
(1311, 0, 21, 31),
(1312, 0, 22, 31),
(1313, 0, 23, 31),
(1314, 0, 24, 31),
(1315, 0, 25, 31),
(1316, 0, 26, 31),
(1317, 0, 27, 31),
(1318, 0, 28, 31),
(1319, 0, 29, 31),
(1320, 0, 30, 31),
(1321, 0, 31, 31),
(1322, 0, 32, 31),
(1323, 0, 33, 31),
(1324, 0, 34, 31),
(1325, 0, 35, 31),
(1326, 0, 36, 31),
(1327, 0, 37, 31),
(1328, 0, 38, 31),
(1329, 0, 39, 31),
(1330, 0, 40, 31),
(1331, 0, 41, 31),
(1332, 0, 42, 31),
(1333, 0, 43, 31),
(1334, 0, 44, 31),
(1335, 0, 1, 32),
(1336, 0, 2, 32),
(1337, 0, 3, 32),
(1338, 0, 4, 32),
(1339, 0, 5, 32),
(1340, 0, 6, 32),
(1341, 0, 7, 32),
(1342, 0, 8, 32),
(1343, 0, 9, 32),
(1344, 0, 10, 32),
(1345, 0, 11, 32),
(1346, 0, 12, 32),
(1347, 0, 13, 32),
(1348, 0, 14, 32),
(1349, 0, 15, 32),
(1350, 0, 16, 32),
(1351, 0, 17, 32),
(1352, 0, 18, 32),
(1353, 0, 19, 32),
(1354, 0, 20, 32),
(1355, 0, 21, 32),
(1356, 0, 22, 32),
(1357, 0, 23, 32),
(1358, 0, 24, 32),
(1359, 0, 25, 32),
(1360, 0, 26, 32),
(1361, 0, 27, 32),
(1362, 0, 28, 32),
(1363, 0, 29, 32),
(1364, 0, 30, 32),
(1365, 0, 31, 32),
(1366, 0, 32, 32),
(1367, 0, 33, 32),
(1368, 0, 34, 32),
(1369, 0, 35, 32),
(1370, 0, 36, 32),
(1371, 0, 37, 32),
(1372, 0, 38, 32),
(1373, 0, 39, 32),
(1374, 0, 40, 32),
(1375, 0, 41, 32),
(1376, 0, 42, 32),
(1377, 0, 43, 32),
(1378, 0, 44, 32),
(1379, 0, 1, 33),
(1380, 0, 2, 33),
(1381, 0, 3, 33),
(1382, 0, 4, 33),
(1383, 0, 5, 33),
(1384, 0, 6, 33),
(1385, 0, 7, 33),
(1386, 0, 8, 33),
(1387, 0, 9, 33),
(1388, 0, 10, 33),
(1389, 0, 11, 33),
(1390, 0, 12, 33),
(1391, 0, 13, 33),
(1392, 0, 14, 33),
(1393, 0, 15, 33),
(1394, 0, 16, 33),
(1395, 0, 17, 33),
(1396, 0, 18, 33),
(1397, 0, 19, 33),
(1398, 0, 20, 33),
(1399, 0, 21, 33),
(1400, 0, 22, 33),
(1401, 0, 23, 33),
(1402, 0, 24, 33),
(1403, 0, 25, 33),
(1404, 0, 26, 33),
(1405, 0, 27, 33),
(1406, 0, 28, 33),
(1407, 0, 29, 33),
(1408, 0, 30, 33),
(1409, 0, 31, 33),
(1410, 0, 32, 33),
(1411, 0, 33, 33),
(1412, 0, 34, 33),
(1413, 0, 35, 33),
(1414, 0, 36, 33),
(1415, 0, 37, 33),
(1416, 0, 38, 33),
(1417, 0, 39, 33),
(1418, 0, 40, 33),
(1419, 0, 41, 33),
(1420, 0, 42, 33),
(1421, 0, 43, 33),
(1422, 0, 44, 33),
(1423, 0, 1, 34),
(1424, 0, 2, 34),
(1425, 0, 3, 34),
(1426, 0, 4, 34),
(1427, 0, 5, 34),
(1428, 0, 6, 34),
(1429, 0, 7, 34),
(1430, 0, 8, 34),
(1431, 0, 9, 34),
(1432, 0, 10, 34),
(1433, 0, 11, 34),
(1434, 0, 12, 34),
(1435, 0, 13, 34),
(1436, 0, 14, 34),
(1437, 0, 15, 34),
(1438, 0, 16, 34),
(1439, 0, 17, 34),
(1440, 0, 18, 34),
(1441, 0, 19, 34),
(1442, 0, 20, 34),
(1443, 0, 21, 34),
(1444, 0, 22, 34),
(1445, 0, 23, 34),
(1446, 0, 24, 34),
(1447, 0, 25, 34),
(1448, 0, 26, 34),
(1449, 0, 27, 34),
(1450, 0, 28, 34),
(1451, 0, 29, 34),
(1452, 0, 30, 34),
(1453, 0, 31, 34),
(1454, 0, 32, 34),
(1455, 0, 33, 34),
(1456, 0, 34, 34),
(1457, 0, 35, 34),
(1458, 0, 36, 34),
(1459, 0, 37, 34),
(1460, 0, 38, 34),
(1461, 0, 39, 34),
(1462, 0, 40, 34),
(1463, 0, 41, 34),
(1464, 0, 42, 34),
(1465, 0, 43, 34),
(1466, 0, 44, 34),
(1467, 0, 1, 35),
(1468, 0, 2, 35),
(1469, 0, 3, 35),
(1470, 0, 4, 35),
(1471, 0, 5, 35),
(1472, 0, 6, 35),
(1473, 0, 7, 35),
(1474, 0, 8, 35),
(1475, 0, 9, 35),
(1476, 0, 10, 35),
(1477, 0, 11, 35),
(1478, 0, 12, 35),
(1479, 0, 13, 35),
(1480, 0, 14, 35),
(1481, 0, 15, 35),
(1482, 0, 16, 35),
(1483, 0, 17, 35),
(1484, 0, 18, 35),
(1485, 0, 19, 35),
(1486, 0, 20, 35),
(1487, 0, 21, 35),
(1488, 0, 22, 35),
(1489, 0, 23, 35),
(1490, 0, 24, 35),
(1491, 0, 25, 35),
(1492, 0, 26, 35),
(1493, 0, 27, 35),
(1494, 0, 28, 35),
(1495, 0, 29, 35),
(1496, 0, 30, 35),
(1497, 0, 31, 35),
(1498, 0, 32, 35),
(1499, 0, 33, 35),
(1500, 0, 34, 35),
(1501, 0, 35, 35),
(1502, 0, 36, 35),
(1503, 0, 37, 35),
(1504, 0, 38, 35),
(1505, 0, 39, 35),
(1506, 0, 40, 35),
(1507, 0, 41, 35),
(1508, 0, 42, 35),
(1509, 0, 43, 35),
(1510, 0, 44, 35),
(1511, 0, 1, 36),
(1512, 0, 2, 36),
(1513, 0, 3, 36),
(1514, 0, 4, 36),
(1515, 0, 5, 36),
(1516, 0, 6, 36),
(1517, 0, 7, 36),
(1518, 0, 8, 36),
(1519, 0, 9, 36),
(1520, 0, 10, 36),
(1521, 0, 11, 36),
(1522, 0, 12, 36),
(1523, 0, 13, 36),
(1524, 0, 14, 36),
(1525, 0, 15, 36),
(1526, 0, 16, 36),
(1527, 0, 17, 36),
(1528, 0, 18, 36),
(1529, 0, 19, 36),
(1530, 0, 20, 36),
(1531, 0, 21, 36),
(1532, 0, 22, 36),
(1533, 0, 23, 36),
(1534, 0, 24, 36),
(1535, 0, 25, 36),
(1536, 0, 26, 36),
(1537, 0, 27, 36),
(1538, 0, 28, 36),
(1539, 0, 29, 36),
(1540, 0, 30, 36),
(1541, 0, 31, 36),
(1542, 0, 32, 36),
(1543, 0, 33, 36),
(1544, 0, 34, 36),
(1545, 0, 35, 36),
(1546, 0, 36, 36),
(1547, 0, 37, 36),
(1548, 0, 38, 36),
(1549, 0, 39, 36),
(1550, 0, 40, 36),
(1551, 0, 41, 36),
(1552, 0, 42, 36),
(1553, 0, 43, 36),
(1554, 0, 44, 36),
(1555, 0, 1, 37),
(1556, 0, 2, 37),
(1557, 0, 3, 37),
(1558, 0, 4, 37),
(1559, 0, 5, 37),
(1560, 0, 6, 37),
(1561, 0, 7, 37),
(1562, 0, 8, 37),
(1563, 0, 9, 37),
(1564, 0, 10, 37),
(1565, 0, 11, 37),
(1566, 0, 12, 37),
(1567, 0, 13, 37),
(1568, 0, 14, 37),
(1569, 0, 15, 37),
(1570, 0, 16, 37),
(1571, 0, 17, 37),
(1572, 0, 18, 37),
(1573, 0, 19, 37),
(1574, 0, 20, 37),
(1575, 0, 21, 37),
(1576, 0, 22, 37),
(1577, 0, 23, 37),
(1578, 0, 24, 37),
(1579, 0, 25, 37),
(1580, 0, 26, 37),
(1581, 0, 27, 37),
(1582, 0, 28, 37),
(1583, 0, 29, 37),
(1584, 0, 30, 37),
(1585, 0, 31, 37),
(1586, 0, 32, 37),
(1587, 0, 33, 37),
(1588, 0, 34, 37),
(1589, 0, 35, 37),
(1590, 0, 36, 37),
(1591, 0, 37, 37),
(1592, 0, 38, 37),
(1593, 0, 39, 37),
(1594, 0, 40, 37),
(1595, 0, 41, 37),
(1596, 0, 42, 37),
(1597, 0, 43, 37),
(1598, 0, 44, 37),
(1599, 0, 1, 38),
(1600, 0, 2, 38),
(1601, 0, 3, 38),
(1602, 0, 4, 38),
(1603, 0, 5, 38),
(1604, 0, 6, 38),
(1605, 0, 7, 38),
(1606, 0, 8, 38),
(1607, 0, 9, 38),
(1608, 0, 10, 38),
(1609, 0, 11, 38),
(1610, 0, 12, 38),
(1611, 0, 13, 38),
(1612, 0, 14, 38),
(1613, 0, 15, 38),
(1614, 0, 16, 38),
(1615, 0, 17, 38),
(1616, 0, 18, 38),
(1617, 0, 19, 38),
(1618, 0, 20, 38),
(1619, 0, 21, 38),
(1620, 0, 22, 38),
(1621, 0, 23, 38),
(1622, 0, 24, 38),
(1623, 0, 25, 38),
(1624, 0, 26, 38),
(1625, 0, 27, 38),
(1626, 0, 28, 38),
(1627, 0, 29, 38),
(1628, 0, 30, 38),
(1629, 0, 31, 38),
(1630, 0, 32, 38),
(1631, 0, 33, 38),
(1632, 0, 34, 38),
(1633, 0, 35, 38),
(1634, 0, 36, 38),
(1635, 0, 37, 38),
(1636, 0, 38, 38),
(1637, 0, 39, 38),
(1638, 0, 40, 38),
(1639, 0, 41, 38),
(1640, 0, 42, 38),
(1641, 0, 43, 38),
(1642, 0, 44, 38),
(1643, 0, 1, 39),
(1644, 0, 2, 39),
(1645, 0, 3, 39),
(1646, 0, 4, 39),
(1647, 0, 5, 39),
(1648, 0, 6, 39),
(1649, 0, 7, 39),
(1650, 0, 8, 39),
(1651, 0, 9, 39),
(1652, 0, 10, 39),
(1653, 0, 11, 39),
(1654, 0, 12, 39),
(1655, 0, 13, 39),
(1656, 0, 14, 39),
(1657, 0, 15, 39),
(1658, 0, 16, 39),
(1659, 0, 17, 39),
(1660, 0, 18, 39),
(1661, 0, 19, 39),
(1662, 0, 20, 39),
(1663, 0, 21, 39),
(1664, 0, 22, 39),
(1665, 0, 23, 39),
(1666, 0, 24, 39),
(1667, 0, 25, 39),
(1668, 0, 26, 39),
(1669, 0, 27, 39),
(1670, 0, 28, 39),
(1671, 0, 29, 39),
(1672, 0, 30, 39),
(1673, 0, 31, 39),
(1674, 0, 32, 39),
(1675, 0, 33, 39),
(1676, 0, 34, 39),
(1677, 0, 35, 39),
(1678, 0, 36, 39),
(1679, 0, 37, 39),
(1680, 0, 38, 39),
(1681, 0, 39, 39),
(1682, 0, 40, 39),
(1683, 0, 41, 39),
(1684, 0, 42, 39),
(1685, 0, 43, 39),
(1686, 0, 44, 39),
(1687, 0, 1, 40),
(1688, 0, 2, 40),
(1689, 0, 3, 40),
(1690, 0, 4, 40),
(1691, 0, 5, 40),
(1692, 0, 6, 40),
(1693, 0, 7, 40),
(1694, 0, 8, 40),
(1695, 0, 9, 40),
(1696, 0, 10, 40),
(1697, 0, 11, 40),
(1698, 0, 12, 40),
(1699, 0, 13, 40),
(1700, 0, 14, 40),
(1701, 0, 15, 40),
(1702, 0, 16, 40),
(1703, 0, 17, 40),
(1704, 0, 18, 40),
(1705, 0, 19, 40),
(1706, 0, 20, 40),
(1707, 0, 21, 40),
(1708, 0, 22, 40),
(1709, 0, 23, 40),
(1710, 0, 24, 40),
(1711, 0, 25, 40),
(1712, 0, 26, 40),
(1713, 0, 27, 40),
(1714, 0, 28, 40),
(1715, 0, 29, 40),
(1716, 0, 30, 40),
(1717, 0, 31, 40),
(1718, 0, 32, 40),
(1719, 0, 33, 40),
(1720, 0, 34, 40),
(1721, 0, 35, 40),
(1722, 0, 36, 40),
(1723, 0, 37, 40),
(1724, 0, 38, 40),
(1725, 0, 39, 40),
(1726, 0, 40, 40),
(1727, 0, 41, 40),
(1728, 0, 42, 40),
(1729, 0, 43, 40),
(1730, 0, 44, 40),
(1731, 0, 1, 41),
(1732, 0, 2, 41),
(1733, 0, 3, 41),
(1734, 0, 4, 41),
(1735, 0, 5, 41),
(1736, 0, 6, 41),
(1737, 0, 7, 41),
(1738, 0, 8, 41),
(1739, 0, 9, 41),
(1740, 0, 10, 41),
(1741, 0, 11, 41),
(1742, 0, 12, 41),
(1743, 0, 13, 41),
(1744, 0, 14, 41),
(1745, 0, 15, 41),
(1746, 0, 16, 41),
(1747, 0, 17, 41),
(1748, 0, 18, 41),
(1749, 0, 19, 41),
(1750, 0, 20, 41),
(1751, 0, 21, 41),
(1752, 0, 22, 41),
(1753, 0, 23, 41),
(1754, 0, 24, 41),
(1755, 0, 25, 41),
(1756, 0, 26, 41),
(1757, 0, 27, 41),
(1758, 0, 28, 41),
(1759, 0, 29, 41),
(1760, 0, 30, 41),
(1761, 0, 31, 41),
(1762, 0, 32, 41),
(1763, 0, 33, 41),
(1764, 0, 34, 41),
(1765, 0, 35, 41),
(1766, 0, 36, 41),
(1767, 0, 37, 41),
(1768, 0, 38, 41),
(1769, 0, 39, 41),
(1770, 0, 40, 41),
(1771, 0, 41, 41),
(1772, 0, 42, 41),
(1773, 0, 43, 41),
(1774, 0, 44, 41),
(1775, 0, 1, 42),
(1776, 0, 2, 42),
(1777, 0, 3, 42),
(1778, 0, 4, 42),
(1779, 0, 5, 42),
(1780, 0, 6, 42),
(1781, 0, 7, 42),
(1782, 0, 8, 42),
(1783, 0, 9, 42),
(1784, 0, 10, 42),
(1785, 0, 11, 42),
(1786, 0, 12, 42),
(1787, 0, 13, 42),
(1788, 0, 14, 42),
(1789, 0, 15, 42),
(1790, 0, 16, 42),
(1791, 0, 17, 42),
(1792, 0, 18, 42),
(1793, 0, 19, 42),
(1794, 0, 20, 42),
(1795, 0, 21, 42),
(1796, 0, 22, 42),
(1797, 0, 23, 42),
(1798, 0, 24, 42),
(1799, 0, 25, 42),
(1800, 0, 26, 42),
(1801, 0, 27, 42),
(1802, 0, 28, 42),
(1803, 0, 29, 42),
(1804, 0, 30, 42),
(1805, 0, 31, 42),
(1806, 0, 32, 42),
(1807, 0, 33, 42),
(1808, 0, 34, 42),
(1809, 0, 35, 42),
(1810, 0, 36, 42),
(1811, 0, 37, 42),
(1812, 0, 38, 42),
(1813, 0, 39, 42),
(1814, 0, 40, 42),
(1815, 0, 41, 42),
(1816, 0, 42, 42),
(1817, 0, 43, 42),
(1818, 0, 44, 42),
(1819, 0, 1, 43),
(1820, 0, 2, 43),
(1821, 0, 3, 43),
(1822, 0, 4, 43),
(1823, 0, 5, 43),
(1824, 0, 6, 43),
(1825, 0, 7, 43),
(1826, 0, 8, 43),
(1827, 0, 9, 43),
(1828, 0, 10, 43),
(1829, 0, 11, 43),
(1830, 0, 12, 43),
(1831, 0, 13, 43),
(1832, 0, 14, 43),
(1833, 0, 15, 43),
(1834, 0, 16, 43),
(1835, 0, 17, 43),
(1836, 0, 18, 43),
(1837, 0, 19, 43),
(1838, 0, 20, 43),
(1839, 0, 21, 43),
(1840, 0, 22, 43),
(1841, 0, 23, 43),
(1842, 0, 24, 43),
(1843, 0, 25, 43),
(1844, 0, 26, 43),
(1845, 0, 27, 43),
(1846, 0, 28, 43),
(1847, 0, 29, 43),
(1848, 0, 30, 43),
(1849, 0, 31, 43),
(1850, 0, 32, 43),
(1851, 0, 33, 43),
(1852, 0, 34, 43),
(1853, 0, 35, 43),
(1854, 0, 36, 43),
(1855, 0, 37, 43),
(1856, 0, 38, 43),
(1857, 0, 39, 43),
(1858, 0, 40, 43),
(1859, 0, 41, 43),
(1860, 0, 42, 43),
(1861, 0, 43, 43),
(1862, 0, 44, 43),
(1863, 0, 1, 44),
(1864, 0, 2, 44),
(1865, 0, 3, 44),
(1866, 0, 4, 44),
(1867, 0, 5, 44),
(1868, 0, 6, 44),
(1869, 0, 7, 44),
(1870, 0, 8, 44),
(1871, 0, 9, 44),
(1872, 0, 10, 44),
(1873, 0, 11, 44),
(1874, 0, 12, 44),
(1875, 0, 13, 44),
(1876, 0, 14, 44),
(1877, 0, 15, 44),
(1878, 0, 16, 44),
(1879, 0, 17, 44),
(1880, 0, 18, 44),
(1881, 0, 19, 44),
(1882, 0, 20, 44),
(1883, 0, 21, 44),
(1884, 0, 22, 44),
(1885, 0, 23, 44),
(1886, 0, 24, 44),
(1887, 0, 25, 44),
(1888, 0, 26, 44),
(1889, 0, 27, 44),
(1890, 0, 28, 44),
(1891, 0, 29, 44),
(1892, 0, 30, 44),
(1893, 0, 31, 44),
(1894, 0, 32, 44),
(1895, 0, 33, 44),
(1896, 0, 34, 44),
(1897, 0, 35, 44),
(1898, 0, 36, 44),
(1899, 0, 37, 44),
(1900, 0, 38, 44),
(1901, 0, 39, 44),
(1902, 0, 40, 44),
(1903, 0, 41, 44),
(1904, 0, 42, 44),
(1905, 0, 43, 44),
(1906, 0, 44, 44),
(1907, 0, 1, 45),
(1908, 0, 2, 45),
(1909, 0, 3, 45),
(1910, 0, 4, 45),
(1911, 0, 5, 45),
(1912, 0, 6, 45),
(1913, 0, 7, 45),
(1914, 0, 8, 45),
(1915, 0, 9, 45),
(1916, 0, 10, 45),
(1917, 0, 11, 45),
(1918, 0, 12, 45),
(1919, 0, 13, 45),
(1920, 0, 14, 45),
(1921, 0, 15, 45),
(1922, 0, 16, 45),
(1923, 0, 17, 45),
(1924, 0, 18, 45),
(1925, 0, 19, 45),
(1926, 0, 20, 45),
(1927, 0, 21, 45),
(1928, 0, 22, 45),
(1929, 0, 23, 45),
(1930, 0, 24, 45),
(1931, 0, 25, 45),
(1932, 0, 26, 45),
(1933, 0, 27, 45),
(1934, 0, 28, 45),
(1935, 0, 29, 45),
(1936, 0, 30, 45),
(1937, 0, 31, 45),
(1938, 0, 32, 45),
(1939, 0, 33, 45),
(1940, 0, 34, 45),
(1941, 0, 35, 45),
(1942, 0, 36, 45),
(1943, 0, 37, 45),
(1944, 0, 38, 45),
(1945, 0, 39, 45),
(1946, 0, 40, 45),
(1947, 0, 41, 45),
(1948, 0, 42, 45),
(1949, 0, 43, 45),
(1950, 0, 44, 45),
(1951, 0, 1, 46),
(1952, 0, 2, 46),
(1953, 0, 3, 46),
(1954, 0, 4, 46),
(1955, 0, 5, 46),
(1956, 0, 6, 46),
(1957, 0, 7, 46),
(1958, 0, 8, 46),
(1959, 0, 9, 46),
(1960, 0, 10, 46),
(1961, 0, 11, 46),
(1962, 0, 12, 46),
(1963, 0, 13, 46),
(1964, 0, 14, 46),
(1965, 0, 15, 46),
(1966, 0, 16, 46),
(1967, 0, 17, 46),
(1968, 0, 18, 46),
(1969, 0, 19, 46),
(1970, 0, 20, 46),
(1971, 0, 21, 46),
(1972, 0, 22, 46),
(1973, 0, 23, 46),
(1974, 0, 24, 46),
(1975, 0, 25, 46),
(1976, 0, 26, 46),
(1977, 0, 27, 46),
(1978, 0, 28, 46),
(1979, 0, 29, 46),
(1980, 0, 30, 46),
(1981, 0, 31, 46),
(1982, 0, 32, 46),
(1983, 0, 33, 46),
(1984, 0, 34, 46),
(1985, 0, 35, 46),
(1986, 0, 36, 46),
(1987, 0, 37, 46),
(1988, 0, 38, 46),
(1989, 0, 39, 46),
(1990, 0, 40, 46),
(1991, 0, 41, 46),
(1992, 0, 42, 46),
(1993, 0, 43, 46),
(1994, 0, 44, 46),
(1995, 0, 1, 47),
(1996, 0, 2, 47),
(1997, 0, 3, 47),
(1998, 0, 4, 47),
(1999, 0, 5, 47),
(2000, 0, 6, 47),
(2001, 0, 7, 47),
(2002, 0, 8, 47),
(2003, 0, 9, 47),
(2004, 0, 10, 47),
(2005, 0, 11, 47),
(2006, 0, 12, 47),
(2007, 0, 13, 47),
(2008, 0, 14, 47),
(2009, 0, 15, 47),
(2010, 0, 16, 47),
(2011, 0, 17, 47),
(2012, 0, 18, 47),
(2013, 0, 19, 47),
(2014, 0, 20, 47),
(2015, 0, 21, 47),
(2016, 0, 22, 47),
(2017, 0, 23, 47),
(2018, 0, 24, 47),
(2019, 0, 25, 47),
(2020, 0, 26, 47),
(2021, 0, 27, 47),
(2022, 0, 28, 47),
(2023, 0, 29, 47),
(2024, 0, 30, 47),
(2025, 0, 31, 47),
(2026, 0, 32, 47),
(2027, 0, 33, 47),
(2028, 0, 34, 47),
(2029, 0, 35, 47),
(2030, 0, 36, 47),
(2031, 0, 37, 47),
(2032, 0, 38, 47),
(2033, 0, 39, 47),
(2034, 0, 40, 47),
(2035, 0, 41, 47),
(2036, 0, 42, 47),
(2037, 0, 43, 47),
(2038, 0, 44, 47),
(2039, 0, 1, 48),
(2040, 0, 2, 48),
(2041, 0, 3, 48),
(2042, 0, 4, 48),
(2043, 0, 5, 48),
(2044, 0, 6, 48),
(2045, 0, 7, 48),
(2046, 0, 8, 48),
(2047, 0, 9, 48),
(2048, 0, 10, 48),
(2049, 0, 11, 48),
(2050, 0, 12, 48),
(2051, 0, 13, 48),
(2052, 0, 14, 48),
(2053, 0, 15, 48),
(2054, 0, 16, 48),
(2055, 0, 17, 48),
(2056, 0, 18, 48),
(2057, 0, 19, 48),
(2058, 0, 20, 48),
(2059, 0, 21, 48),
(2060, 0, 22, 48),
(2061, 0, 23, 48),
(2062, 0, 24, 48),
(2063, 0, 25, 48),
(2064, 0, 26, 48),
(2065, 0, 27, 48),
(2066, 0, 28, 48),
(2067, 0, 29, 48),
(2068, 0, 30, 48),
(2069, 0, 31, 48),
(2070, 0, 32, 48),
(2071, 0, 33, 48),
(2072, 0, 34, 48),
(2073, 0, 35, 48),
(2074, 0, 36, 48),
(2075, 0, 37, 48),
(2076, 0, 38, 48),
(2077, 0, 39, 48),
(2078, 0, 40, 48),
(2079, 0, 41, 48),
(2080, 0, 42, 48),
(2081, 0, 43, 48),
(2082, 0, 44, 48),
(2083, 0, 1, 49),
(2084, 0, 2, 49),
(2085, 0, 3, 49),
(2086, 0, 4, 49),
(2087, 0, 5, 49),
(2088, 0, 6, 49),
(2089, 0, 7, 49),
(2090, 0, 8, 49),
(2091, 0, 9, 49),
(2092, 0, 10, 49),
(2093, 0, 11, 49),
(2094, 0, 12, 49),
(2095, 0, 13, 49),
(2096, 0, 14, 49),
(2097, 0, 15, 49),
(2098, 0, 16, 49),
(2099, 0, 17, 49),
(2100, 0, 18, 49),
(2101, 0, 19, 49),
(2102, 0, 20, 49),
(2103, 0, 21, 49),
(2104, 0, 22, 49),
(2105, 0, 23, 49),
(2106, 0, 24, 49),
(2107, 0, 25, 49),
(2108, 0, 26, 49),
(2109, 0, 27, 49),
(2110, 0, 28, 49),
(2111, 0, 29, 49),
(2112, 0, 30, 49),
(2113, 0, 31, 49),
(2114, 0, 32, 49),
(2115, 0, 33, 49),
(2116, 0, 34, 49),
(2117, 0, 35, 49),
(2118, 0, 36, 49),
(2119, 0, 37, 49),
(2120, 0, 38, 49),
(2121, 0, 39, 49),
(2122, 0, 40, 49),
(2123, 0, 41, 49),
(2124, 0, 42, 49),
(2125, 0, 43, 49),
(2126, 0, 44, 49),
(2127, 0, 1, 50),
(2128, 0, 2, 50),
(2129, 0, 3, 50),
(2130, 0, 4, 50),
(2131, 0, 5, 50),
(2132, 0, 6, 50),
(2133, 0, 7, 50),
(2134, 0, 8, 50),
(2135, 0, 9, 50),
(2136, 0, 10, 50),
(2137, 0, 11, 50),
(2138, 0, 12, 50),
(2139, 0, 13, 50),
(2140, 0, 14, 50),
(2141, 0, 15, 50),
(2142, 0, 16, 50),
(2143, 0, 17, 50),
(2144, 0, 18, 50),
(2145, 0, 19, 50),
(2146, 0, 20, 50),
(2147, 0, 21, 50),
(2148, 0, 22, 50),
(2149, 0, 23, 50),
(2150, 0, 24, 50),
(2151, 0, 25, 50),
(2152, 0, 26, 50),
(2153, 0, 27, 50),
(2154, 0, 28, 50),
(2155, 0, 29, 50),
(2156, 0, 30, 50),
(2157, 0, 31, 50),
(2158, 0, 32, 50),
(2159, 0, 33, 50),
(2160, 0, 34, 50),
(2161, 0, 35, 50),
(2162, 0, 36, 50),
(2163, 0, 37, 50),
(2164, 0, 38, 50),
(2165, 0, 39, 50),
(2166, 0, 40, 50),
(2167, 0, 41, 50),
(2168, 0, 42, 50),
(2169, 0, 43, 50),
(2170, 0, 44, 50),
(2171, 0, 1, 51),
(2172, 0, 2, 51),
(2173, 0, 3, 51),
(2174, 0, 4, 51),
(2175, 0, 5, 51),
(2176, 0, 6, 51),
(2177, 0, 7, 51),
(2178, 0, 8, 51),
(2179, 0, 9, 51),
(2180, 0, 10, 51),
(2181, 0, 11, 51),
(2182, 0, 12, 51),
(2183, 0, 13, 51),
(2184, 0, 14, 51),
(2185, 0, 15, 51),
(2186, 0, 16, 51),
(2187, 0, 17, 51),
(2188, 0, 18, 51),
(2189, 0, 19, 51),
(2190, 0, 20, 51),
(2191, 0, 21, 51),
(2192, 0, 22, 51),
(2193, 0, 23, 51),
(2194, 0, 24, 51),
(2195, 0, 25, 51),
(2196, 0, 26, 51),
(2197, 0, 27, 51),
(2198, 0, 28, 51),
(2199, 0, 29, 51),
(2200, 0, 30, 51),
(2201, 0, 31, 51),
(2202, 0, 32, 51),
(2203, 0, 33, 51),
(2204, 0, 34, 51),
(2205, 0, 35, 51),
(2206, 0, 36, 51),
(2207, 0, 37, 51),
(2208, 0, 38, 51),
(2209, 0, 39, 51),
(2210, 0, 40, 51),
(2211, 0, 41, 51),
(2212, 0, 42, 51),
(2213, 0, 43, 51),
(2214, 0, 44, 51),
(2215, 0, 1, 52),
(2216, 0, 2, 52),
(2217, 0, 3, 52),
(2218, 0, 4, 52),
(2219, 0, 5, 52),
(2220, 0, 6, 52),
(2221, 0, 7, 52),
(2222, 0, 8, 52),
(2223, 0, 9, 52),
(2224, 0, 10, 52),
(2225, 0, 11, 52),
(2226, 0, 12, 52),
(2227, 0, 13, 52),
(2228, 0, 14, 52),
(2229, 0, 15, 52),
(2230, 0, 16, 52),
(2231, 0, 17, 52),
(2232, 0, 18, 52),
(2233, 0, 19, 52),
(2234, 0, 20, 52),
(2235, 0, 21, 52),
(2236, 0, 22, 52),
(2237, 0, 23, 52),
(2238, 0, 24, 52),
(2239, 0, 25, 52),
(2240, 0, 26, 52),
(2241, 0, 27, 52),
(2242, 0, 28, 52),
(2243, 0, 29, 52),
(2244, 0, 30, 52),
(2245, 0, 31, 52),
(2246, 0, 32, 52),
(2247, 0, 33, 52),
(2248, 0, 34, 52),
(2249, 0, 35, 52),
(2250, 0, 36, 52),
(2251, 0, 37, 52),
(2252, 0, 38, 52),
(2253, 0, 39, 52),
(2254, 0, 40, 52),
(2255, 0, 41, 52),
(2256, 0, 42, 52),
(2257, 0, 43, 52),
(2258, 0, 44, 52),
(2259, 0, 1, 53),
(2260, 0, 2, 53),
(2261, 0, 3, 53),
(2262, 0, 4, 53),
(2263, 0, 5, 53),
(2264, 0, 6, 53),
(2265, 0, 7, 53),
(2266, 0, 8, 53),
(2267, 0, 9, 53),
(2268, 0, 10, 53),
(2269, 0, 11, 53),
(2270, 0, 12, 53),
(2271, 0, 13, 53),
(2272, 0, 14, 53),
(2273, 0, 15, 53),
(2274, 0, 16, 53),
(2275, 0, 17, 53),
(2276, 0, 18, 53),
(2277, 0, 19, 53),
(2278, 0, 20, 53),
(2279, 0, 21, 53),
(2280, 0, 22, 53),
(2281, 0, 23, 53),
(2282, 0, 24, 53),
(2283, 0, 25, 53),
(2284, 0, 26, 53),
(2285, 0, 27, 53),
(2286, 0, 28, 53),
(2287, 0, 29, 53),
(2288, 0, 30, 53),
(2289, 0, 31, 53),
(2290, 0, 32, 53),
(2291, 0, 33, 53),
(2292, 0, 34, 53),
(2293, 0, 35, 53),
(2294, 0, 36, 53),
(2295, 0, 37, 53),
(2296, 0, 38, 53),
(2297, 0, 39, 53),
(2298, 0, 40, 53),
(2299, 0, 41, 53),
(2300, 0, 42, 53),
(2301, 0, 43, 53),
(2302, 0, 44, 53),
(2303, 0, 1, 54),
(2304, 0, 2, 54),
(2305, 0, 3, 54),
(2306, 0, 4, 54),
(2307, 0, 5, 54),
(2308, 0, 6, 54),
(2309, 0, 7, 54),
(2310, 0, 8, 54),
(2311, 0, 9, 54),
(2312, 0, 10, 54),
(2313, 0, 11, 54),
(2314, 0, 12, 54),
(2315, 0, 13, 54),
(2316, 0, 14, 54),
(2317, 0, 15, 54),
(2318, 0, 16, 54),
(2319, 0, 17, 54),
(2320, 0, 18, 54),
(2321, 0, 19, 54),
(2322, 0, 20, 54),
(2323, 0, 21, 54),
(2324, 0, 22, 54),
(2325, 0, 23, 54),
(2326, 0, 24, 54),
(2327, 0, 25, 54),
(2328, 0, 26, 54),
(2329, 0, 27, 54),
(2330, 0, 28, 54),
(2331, 0, 29, 54),
(2332, 0, 30, 54),
(2333, 0, 31, 54),
(2334, 0, 32, 54),
(2335, 0, 33, 54),
(2336, 0, 34, 54),
(2337, 0, 35, 54),
(2338, 0, 36, 54),
(2339, 0, 37, 54),
(2340, 0, 38, 54),
(2341, 0, 39, 54),
(2342, 0, 40, 54),
(2343, 0, 41, 54),
(2344, 0, 42, 54),
(2345, 0, 43, 54),
(2346, 0, 44, 54),
(2347, 0, 1, 55),
(2348, 0, 2, 55),
(2349, 0, 3, 55),
(2350, 0, 4, 55),
(2351, 0, 5, 55),
(2352, 0, 6, 55),
(2353, 0, 7, 55),
(2354, 0, 8, 55),
(2355, 0, 9, 55),
(2356, 0, 10, 55),
(2357, 0, 11, 55),
(2358, 0, 12, 55),
(2359, 0, 13, 55),
(2360, 0, 14, 55),
(2361, 0, 15, 55),
(2362, 0, 16, 55),
(2363, 0, 17, 55),
(2364, 0, 18, 55),
(2365, 0, 19, 55),
(2366, 0, 20, 55),
(2367, 0, 21, 55),
(2368, 0, 22, 55),
(2369, 0, 23, 55),
(2370, 0, 24, 55),
(2371, 0, 25, 55),
(2372, 0, 26, 55),
(2373, 0, 27, 55),
(2374, 0, 28, 55),
(2375, 0, 29, 55),
(2376, 0, 30, 55),
(2377, 0, 31, 55),
(2378, 0, 32, 55),
(2379, 0, 33, 55),
(2380, 0, 34, 55),
(2381, 0, 35, 55),
(2382, 0, 36, 55),
(2383, 0, 37, 55),
(2384, 0, 38, 55),
(2385, 0, 39, 55),
(2386, 0, 40, 55),
(2387, 0, 41, 55),
(2388, 0, 42, 55),
(2389, 0, 43, 55),
(2390, 0, 44, 55),
(2391, 0, 1, 56),
(2392, 0, 2, 56),
(2393, 0, 3, 56),
(2394, 0, 4, 56),
(2395, 0, 5, 56),
(2396, 0, 6, 56),
(2397, 0, 7, 56),
(2398, 0, 8, 56),
(2399, 0, 9, 56),
(2400, 0, 10, 56),
(2401, 0, 11, 56),
(2402, 0, 12, 56),
(2403, 0, 13, 56),
(2404, 0, 14, 56),
(2405, 0, 15, 56),
(2406, 0, 16, 56),
(2407, 0, 17, 56),
(2408, 0, 18, 56),
(2409, 0, 19, 56),
(2410, 0, 20, 56),
(2411, 0, 21, 56),
(2412, 0, 22, 56),
(2413, 0, 23, 56),
(2414, 0, 24, 56),
(2415, 0, 25, 56),
(2416, 0, 26, 56),
(2417, 0, 27, 56),
(2418, 0, 28, 56),
(2419, 0, 29, 56),
(2420, 0, 30, 56),
(2421, 0, 31, 56),
(2422, 0, 32, 56),
(2423, 0, 33, 56),
(2424, 0, 34, 56),
(2425, 0, 35, 56),
(2426, 0, 36, 56),
(2427, 0, 37, 56),
(2428, 0, 38, 56),
(2429, 0, 39, 56),
(2430, 0, 40, 56),
(2431, 0, 41, 56),
(2432, 0, 42, 56),
(2433, 0, 43, 56),
(2434, 0, 44, 56),
(2435, 0, 1, 57),
(2436, 0, 2, 57),
(2437, 0, 3, 57),
(2438, 0, 4, 57),
(2439, 0, 5, 57),
(2440, 0, 6, 57),
(2441, 0, 7, 57),
(2442, 0, 8, 57),
(2443, 0, 9, 57),
(2444, 0, 10, 57),
(2445, 0, 11, 57),
(2446, 0, 12, 57),
(2447, 0, 13, 57),
(2448, 0, 14, 57),
(2449, 0, 15, 57),
(2450, 0, 16, 57),
(2451, 0, 17, 57),
(2452, 0, 18, 57),
(2453, 0, 19, 57),
(2454, 0, 20, 57),
(2455, 0, 21, 57),
(2456, 0, 22, 57),
(2457, 0, 23, 57),
(2458, 0, 24, 57),
(2459, 0, 25, 57),
(2460, 0, 26, 57),
(2461, 0, 27, 57),
(2462, 0, 28, 57),
(2463, 0, 29, 57),
(2464, 0, 30, 57),
(2465, 0, 31, 57),
(2466, 0, 32, 57),
(2467, 0, 33, 57),
(2468, 0, 34, 57),
(2469, 0, 35, 57),
(2470, 0, 36, 57),
(2471, 0, 37, 57),
(2472, 0, 38, 57),
(2473, 0, 39, 57),
(2474, 0, 40, 57),
(2475, 0, 41, 57),
(2476, 0, 42, 57),
(2477, 0, 43, 57),
(2478, 0, 44, 57),
(2479, 0, 1, 58),
(2480, 0, 2, 58),
(2481, 0, 3, 58),
(2482, 0, 4, 58),
(2483, 0, 5, 58),
(2484, 0, 6, 58),
(2485, 0, 7, 58),
(2486, 0, 8, 58),
(2487, 0, 9, 58),
(2488, 0, 10, 58),
(2489, 0, 11, 58),
(2490, 0, 12, 58),
(2491, 0, 13, 58),
(2492, 0, 14, 58),
(2493, 0, 15, 58),
(2494, 0, 16, 58),
(2495, 0, 17, 58),
(2496, 0, 18, 58),
(2497, 0, 19, 58),
(2498, 0, 20, 58),
(2499, 0, 21, 58),
(2500, 0, 22, 58),
(2501, 0, 23, 58),
(2502, 0, 24, 58),
(2503, 0, 25, 58),
(2504, 0, 26, 58),
(2505, 0, 27, 58),
(2506, 0, 28, 58),
(2507, 0, 29, 58),
(2508, 0, 30, 58),
(2509, 0, 31, 58),
(2510, 0, 32, 58),
(2511, 0, 33, 58),
(2512, 0, 34, 58),
(2513, 0, 35, 58),
(2514, 0, 36, 58),
(2515, 0, 37, 58),
(2516, 0, 38, 58),
(2517, 0, 39, 58),
(2518, 0, 40, 58),
(2519, 0, 41, 58),
(2520, 0, 42, 58),
(2521, 0, 43, 58),
(2522, 0, 44, 58),
(2523, 0, 1, 59),
(2524, 0, 2, 59),
(2525, 0, 3, 59),
(2526, 0, 4, 59),
(2527, 0, 5, 59),
(2528, 0, 6, 59),
(2529, 0, 7, 59),
(2530, 0, 8, 59),
(2531, 0, 9, 59),
(2532, 0, 10, 59),
(2533, 0, 11, 59),
(2534, 0, 12, 59),
(2535, 0, 13, 59),
(2536, 0, 14, 59),
(2537, 0, 15, 59),
(2538, 0, 16, 59),
(2539, 0, 17, 59),
(2540, 0, 18, 59),
(2541, 0, 19, 59),
(2542, 0, 20, 59),
(2543, 0, 21, 59),
(2544, 0, 22, 59),
(2545, 0, 23, 59),
(2546, 0, 24, 59),
(2547, 0, 25, 59),
(2548, 0, 26, 59),
(2549, 0, 27, 59),
(2550, 0, 28, 59),
(2551, 0, 29, 59),
(2552, 0, 30, 59),
(2553, 0, 31, 59),
(2554, 0, 32, 59),
(2555, 0, 33, 59),
(2556, 0, 34, 59),
(2557, 0, 35, 59),
(2558, 0, 36, 59),
(2559, 0, 37, 59),
(2560, 0, 38, 59),
(2561, 0, 39, 59),
(2562, 0, 40, 59),
(2563, 0, 41, 59),
(2564, 0, 42, 59),
(2565, 0, 43, 59),
(2566, 0, 44, 59),
(2567, 0, 1, 60),
(2568, 0, 2, 60),
(2569, 0, 3, 60),
(2570, 0, 4, 60),
(2571, 0, 5, 60),
(2572, 0, 6, 60),
(2573, 0, 7, 60),
(2574, 0, 8, 60),
(2575, 0, 9, 60),
(2576, 0, 10, 60),
(2577, 0, 11, 60),
(2578, 0, 12, 60),
(2579, 0, 13, 60),
(2580, 0, 14, 60),
(2581, 0, 15, 60),
(2582, 0, 16, 60),
(2583, 0, 17, 60),
(2584, 0, 18, 60),
(2585, 0, 19, 60),
(2586, 0, 20, 60),
(2587, 0, 21, 60),
(2588, 0, 22, 60),
(2589, 0, 23, 60),
(2590, 0, 24, 60),
(2591, 0, 25, 60),
(2592, 0, 26, 60),
(2593, 0, 27, 60),
(2594, 0, 28, 60),
(2595, 0, 29, 60),
(2596, 0, 30, 60),
(2597, 0, 31, 60),
(2598, 0, 32, 60),
(2599, 0, 33, 60),
(2600, 0, 34, 60),
(2601, 0, 35, 60),
(2602, 0, 36, 60),
(2603, 0, 37, 60),
(2604, 0, 38, 60),
(2605, 0, 39, 60),
(2606, 0, 40, 60),
(2607, 0, 41, 60),
(2608, 0, 42, 60),
(2609, 0, 43, 60),
(2610, 0, 44, 60),
(2611, 0, 1, 61),
(2612, 0, 2, 61),
(2613, 0, 3, 61),
(2614, 0, 4, 61),
(2615, 0, 5, 61),
(2616, 0, 6, 61),
(2617, 0, 7, 61),
(2618, 0, 8, 61),
(2619, 0, 9, 61),
(2620, 0, 10, 61),
(2621, 0, 11, 61),
(2622, 0, 12, 61),
(2623, 0, 13, 61),
(2624, 0, 14, 61),
(2625, 0, 15, 61),
(2626, 0, 16, 61),
(2627, 0, 17, 61),
(2628, 0, 18, 61),
(2629, 0, 19, 61),
(2630, 0, 20, 61),
(2631, 0, 21, 61),
(2632, 0, 22, 61),
(2633, 0, 23, 61),
(2634, 0, 24, 61),
(2635, 0, 25, 61),
(2636, 0, 26, 61),
(2637, 0, 27, 61),
(2638, 0, 28, 61),
(2639, 0, 29, 61),
(2640, 0, 30, 61),
(2641, 0, 31, 61),
(2642, 0, 32, 61),
(2643, 0, 33, 61),
(2644, 0, 34, 61),
(2645, 0, 35, 61),
(2646, 0, 36, 61),
(2647, 0, 37, 61),
(2648, 0, 38, 61),
(2649, 0, 39, 61),
(2650, 0, 40, 61),
(2651, 0, 41, 61),
(2652, 0, 42, 61),
(2653, 0, 43, 61),
(2654, 0, 44, 61),
(2655, 0, 1, 62),
(2656, 0, 2, 62),
(2657, 0, 3, 62),
(2658, 0, 4, 62),
(2659, 0, 5, 62),
(2660, 0, 6, 62),
(2661, 0, 7, 62),
(2662, 0, 8, 62),
(2663, 0, 9, 62),
(2664, 0, 10, 62),
(2665, 0, 11, 62),
(2666, 0, 12, 62),
(2667, 0, 13, 62),
(2668, 0, 14, 62),
(2669, 0, 15, 62),
(2670, 0, 16, 62),
(2671, 0, 17, 62),
(2672, 0, 18, 62),
(2673, 0, 19, 62),
(2674, 0, 20, 62),
(2675, 0, 21, 62),
(2676, 0, 22, 62),
(2677, 0, 23, 62),
(2678, 0, 24, 62),
(2679, 0, 25, 62),
(2680, 0, 26, 62),
(2681, 0, 27, 62),
(2682, 0, 28, 62),
(2683, 0, 29, 62),
(2684, 0, 30, 62),
(2685, 0, 31, 62),
(2686, 0, 32, 62),
(2687, 0, 33, 62),
(2688, 0, 34, 62),
(2689, 0, 35, 62),
(2690, 0, 36, 62),
(2691, 0, 37, 62),
(2692, 0, 38, 62),
(2693, 0, 39, 62),
(2694, 0, 40, 62),
(2695, 0, 41, 62),
(2696, 0, 42, 62),
(2697, 0, 43, 62),
(2698, 0, 44, 62),
(2699, 0, 1, 63),
(2700, 0, 2, 63),
(2701, 0, 3, 63),
(2702, 0, 4, 63),
(2703, 0, 5, 63),
(2704, 0, 6, 63),
(2705, 0, 7, 63),
(2706, 0, 8, 63),
(2707, 0, 9, 63),
(2708, 0, 10, 63),
(2709, 0, 11, 63),
(2710, 0, 12, 63),
(2711, 0, 13, 63),
(2712, 0, 14, 63),
(2713, 0, 15, 63),
(2714, 0, 16, 63),
(2715, 0, 17, 63),
(2716, 0, 18, 63),
(2717, 0, 19, 63),
(2718, 0, 20, 63),
(2719, 0, 21, 63),
(2720, 0, 22, 63),
(2721, 0, 23, 63),
(2722, 0, 24, 63),
(2723, 0, 25, 63),
(2724, 0, 26, 63),
(2725, 0, 27, 63),
(2726, 0, 28, 63),
(2727, 0, 29, 63),
(2728, 0, 30, 63),
(2729, 0, 31, 63),
(2730, 0, 32, 63),
(2731, 0, 33, 63),
(2732, 0, 34, 63),
(2733, 0, 35, 63),
(2734, 0, 36, 63),
(2735, 0, 37, 63),
(2736, 0, 38, 63),
(2737, 0, 39, 63),
(2738, 0, 40, 63),
(2739, 0, 41, 63),
(2740, 0, 42, 63),
(2741, 0, 43, 63),
(2742, 0, 44, 63),
(2743, 0, 1, 64),
(2744, 0, 2, 64),
(2745, 0, 3, 64),
(2746, 0, 4, 64),
(2747, 0, 5, 64),
(2748, 0, 6, 64),
(2749, 0, 7, 64),
(2750, 0, 8, 64),
(2751, 0, 9, 64),
(2752, 0, 10, 64),
(2753, 0, 11, 64),
(2754, 0, 12, 64),
(2755, 0, 13, 64),
(2756, 0, 14, 64),
(2757, 0, 15, 64),
(2758, 0, 16, 64),
(2759, 0, 17, 64),
(2760, 0, 18, 64),
(2761, 0, 19, 64),
(2762, 0, 20, 64),
(2763, 0, 21, 64),
(2764, 0, 22, 64),
(2765, 0, 23, 64),
(2766, 0, 24, 64),
(2767, 0, 25, 64),
(2768, 0, 26, 64),
(2769, 0, 27, 64),
(2770, 0, 28, 64),
(2771, 0, 29, 64),
(2772, 0, 30, 64),
(2773, 0, 31, 64),
(2774, 0, 32, 64),
(2775, 0, 33, 64),
(2776, 0, 34, 64),
(2777, 0, 35, 64),
(2778, 0, 36, 64),
(2779, 0, 37, 64),
(2780, 0, 38, 64),
(2781, 0, 39, 64),
(2782, 0, 40, 64),
(2783, 0, 41, 64),
(2784, 0, 42, 64),
(2785, 0, 43, 64),
(2786, 0, 44, 64),
(2787, 0, 1, 65),
(2788, 0, 2, 65),
(2789, 0, 3, 65),
(2790, 0, 4, 65),
(2791, 0, 5, 65),
(2792, 0, 6, 65),
(2793, 0, 7, 65),
(2794, 0, 8, 65),
(2795, 0, 9, 65),
(2796, 0, 10, 65),
(2797, 0, 11, 65),
(2798, 0, 12, 65),
(2799, 0, 13, 65),
(2800, 0, 14, 65),
(2801, 0, 15, 65),
(2802, 0, 16, 65),
(2803, 0, 17, 65),
(2804, 0, 18, 65),
(2805, 0, 19, 65),
(2806, 0, 20, 65),
(2807, 0, 21, 65),
(2808, 0, 22, 65),
(2809, 0, 23, 65),
(2810, 0, 24, 65),
(2811, 0, 25, 65),
(2812, 0, 26, 65),
(2813, 0, 27, 65),
(2814, 0, 28, 65),
(2815, 0, 29, 65),
(2816, 0, 30, 65),
(2817, 0, 31, 65),
(2818, 0, 32, 65),
(2819, 0, 33, 65),
(2820, 0, 34, 65),
(2821, 0, 35, 65),
(2822, 0, 36, 65),
(2823, 0, 37, 65),
(2824, 0, 38, 65),
(2825, 0, 39, 65),
(2826, 0, 40, 65),
(2827, 0, 41, 65),
(2828, 0, 42, 65),
(2829, 0, 43, 65),
(2830, 0, 44, 65),
(2831, 0, 1, 66),
(2832, 0, 2, 66),
(2833, 0, 3, 66),
(2834, 0, 4, 66),
(2835, 0, 5, 66),
(2836, 0, 6, 66),
(2837, 0, 7, 66),
(2838, 0, 8, 66),
(2839, 0, 9, 66),
(2840, 0, 10, 66),
(2841, 0, 11, 66),
(2842, 0, 12, 66),
(2843, 0, 13, 66),
(2844, 0, 14, 66),
(2845, 0, 15, 66),
(2846, 0, 16, 66),
(2847, 0, 17, 66),
(2848, 0, 18, 66),
(2849, 0, 19, 66),
(2850, 0, 20, 66),
(2851, 0, 21, 66),
(2852, 0, 22, 66),
(2853, 0, 23, 66),
(2854, 0, 24, 66),
(2855, 0, 25, 66),
(2856, 0, 26, 66),
(2857, 0, 27, 66),
(2858, 0, 28, 66),
(2859, 0, 29, 66),
(2860, 0, 30, 66),
(2861, 0, 31, 66),
(2862, 0, 32, 66),
(2863, 0, 33, 66),
(2864, 0, 34, 66),
(2865, 0, 35, 66),
(2866, 0, 36, 66),
(2867, 0, 37, 66),
(2868, 0, 38, 66),
(2869, 0, 39, 66),
(2870, 0, 40, 66),
(2871, 0, 41, 66),
(2872, 0, 42, 66),
(2873, 0, 43, 66),
(2874, 0, 44, 66),
(2875, 0, 1, 67),
(2876, 0, 2, 67),
(2877, 0, 3, 67),
(2878, 0, 4, 67),
(2879, 0, 5, 67),
(2880, 0, 6, 67),
(2881, 0, 7, 67),
(2882, 0, 8, 67),
(2883, 0, 9, 67),
(2884, 0, 10, 67),
(2885, 0, 11, 67),
(2886, 0, 12, 67),
(2887, 0, 13, 67),
(2888, 0, 14, 67),
(2889, 0, 15, 67),
(2890, 0, 16, 67),
(2891, 0, 17, 67),
(2892, 0, 18, 67),
(2893, 0, 19, 67),
(2894, 0, 20, 67),
(2895, 0, 21, 67),
(2896, 0, 22, 67),
(2897, 0, 23, 67),
(2898, 0, 24, 67),
(2899, 0, 25, 67),
(2900, 0, 26, 67),
(2901, 0, 27, 67),
(2902, 0, 28, 67),
(2903, 0, 29, 67),
(2904, 0, 30, 67),
(2905, 0, 31, 67),
(2906, 0, 32, 67),
(2907, 0, 33, 67),
(2908, 0, 34, 67),
(2909, 0, 35, 67),
(2910, 0, 36, 67),
(2911, 0, 37, 67),
(2912, 0, 38, 67),
(2913, 0, 39, 67),
(2914, 0, 40, 67),
(2915, 0, 41, 67),
(2916, 0, 42, 67),
(2917, 0, 43, 67),
(2918, 0, 44, 67),
(2919, 0, 1, 68),
(2920, 0, 2, 68),
(2921, 0, 3, 68),
(2922, 0, 4, 68),
(2923, 0, 5, 68),
(2924, 0, 6, 68),
(2925, 0, 7, 68),
(2926, 0, 8, 68),
(2927, 0, 9, 68),
(2928, 0, 10, 68),
(2929, 0, 11, 68),
(2930, 0, 12, 68),
(2931, 0, 13, 68),
(2932, 0, 14, 68),
(2933, 0, 15, 68),
(2934, 0, 16, 68),
(2935, 0, 17, 68),
(2936, 0, 18, 68),
(2937, 0, 19, 68),
(2938, 0, 20, 68),
(2939, 0, 21, 68),
(2940, 0, 22, 68),
(2941, 0, 23, 68),
(2942, 0, 24, 68),
(2943, 0, 25, 68),
(2944, 0, 26, 68),
(2945, 0, 27, 68),
(2946, 0, 28, 68),
(2947, 0, 29, 68),
(2948, 0, 30, 68),
(2949, 0, 31, 68),
(2950, 0, 32, 68),
(2951, 0, 33, 68),
(2952, 0, 34, 68),
(2953, 0, 35, 68),
(2954, 0, 36, 68),
(2955, 0, 37, 68),
(2956, 0, 38, 68),
(2957, 0, 39, 68),
(2958, 0, 40, 68),
(2959, 0, 41, 68),
(2960, 0, 42, 68),
(2961, 0, 43, 68),
(2962, 0, 44, 68),
(2963, 0, 1, 69),
(2964, 0, 2, 69),
(2965, 0, 3, 69),
(2966, 0, 4, 69),
(2967, 0, 5, 69),
(2968, 0, 6, 69),
(2969, 0, 7, 69),
(2970, 0, 8, 69),
(2971, 0, 9, 69),
(2972, 0, 10, 69),
(2973, 0, 11, 69),
(2974, 0, 12, 69),
(2975, 0, 13, 69),
(2976, 0, 14, 69),
(2977, 0, 15, 69),
(2978, 0, 16, 69),
(2979, 0, 17, 69),
(2980, 0, 18, 69),
(2981, 0, 19, 69),
(2982, 0, 20, 69),
(2983, 0, 21, 69),
(2984, 0, 22, 69),
(2985, 0, 23, 69),
(2986, 0, 24, 69),
(2987, 0, 25, 69),
(2988, 0, 26, 69),
(2989, 0, 27, 69),
(2990, 0, 28, 69),
(2991, 0, 29, 69),
(2992, 0, 30, 69),
(2993, 0, 31, 69),
(2994, 0, 32, 69),
(2995, 0, 33, 69),
(2996, 0, 34, 69),
(2997, 0, 35, 69),
(2998, 0, 36, 69),
(2999, 0, 37, 69),
(3000, 0, 38, 69),
(3001, 0, 39, 69),
(3002, 0, 40, 69),
(3003, 0, 41, 69),
(3004, 0, 42, 69),
(3005, 0, 43, 69),
(3006, 0, 44, 69),
(3007, 0, 1, 70),
(3008, 0, 2, 70),
(3009, 0, 3, 70),
(3010, 0, 4, 70),
(3011, 0, 5, 70),
(3012, 0, 6, 70),
(3013, 0, 7, 70),
(3014, 0, 8, 70),
(3015, 0, 9, 70),
(3016, 0, 10, 70),
(3017, 0, 11, 70),
(3018, 0, 12, 70),
(3019, 0, 13, 70),
(3020, 0, 14, 70),
(3021, 0, 15, 70),
(3022, 0, 16, 70),
(3023, 0, 17, 70),
(3024, 0, 18, 70),
(3025, 0, 19, 70),
(3026, 0, 20, 70),
(3027, 0, 21, 70),
(3028, 0, 22, 70),
(3029, 0, 23, 70),
(3030, 0, 24, 70),
(3031, 0, 25, 70),
(3032, 0, 26, 70),
(3033, 0, 27, 70),
(3034, 0, 28, 70),
(3035, 0, 29, 70),
(3036, 0, 30, 70),
(3037, 0, 31, 70),
(3038, 0, 32, 70),
(3039, 0, 33, 70),
(3040, 0, 34, 70),
(3041, 0, 35, 70),
(3042, 0, 36, 70),
(3043, 0, 37, 70),
(3044, 0, 38, 70),
(3045, 0, 39, 70),
(3046, 0, 40, 70),
(3047, 0, 41, 70),
(3048, 0, 42, 70),
(3049, 0, 43, 70),
(3050, 0, 44, 70),
(3051, 0, 1, 71),
(3052, 0, 2, 71),
(3053, 0, 3, 71),
(3054, 0, 4, 71),
(3055, 0, 5, 71),
(3056, 0, 6, 71),
(3057, 0, 7, 71),
(3058, 0, 8, 71),
(3059, 0, 9, 71),
(3060, 0, 10, 71),
(3061, 0, 11, 71),
(3062, 0, 12, 71),
(3063, 0, 13, 71),
(3064, 0, 14, 71),
(3065, 0, 15, 71),
(3066, 0, 16, 71),
(3067, 0, 17, 71),
(3068, 0, 18, 71),
(3069, 0, 19, 71),
(3070, 0, 20, 71),
(3071, 0, 21, 71),
(3072, 0, 22, 71),
(3073, 0, 23, 71),
(3074, 0, 24, 71),
(3075, 0, 25, 71),
(3076, 0, 26, 71),
(3077, 0, 27, 71),
(3078, 0, 28, 71),
(3079, 0, 29, 71),
(3080, 0, 30, 71),
(3081, 0, 31, 71),
(3082, 0, 32, 71),
(3083, 0, 33, 71),
(3084, 0, 34, 71),
(3085, 0, 35, 71),
(3086, 0, 36, 71),
(3087, 0, 37, 71),
(3088, 0, 38, 71),
(3089, 0, 39, 71),
(3090, 0, 40, 71),
(3091, 0, 41, 71),
(3092, 0, 42, 71),
(3093, 0, 43, 71),
(3094, 0, 44, 71),
(3095, 0, 1, 72),
(3096, 0, 2, 72),
(3097, 0, 3, 72),
(3098, 0, 4, 72),
(3099, 0, 5, 72),
(3100, 0, 6, 72),
(3101, 0, 7, 72),
(3102, 0, 8, 72),
(3103, 0, 9, 72),
(3104, 0, 10, 72),
(3105, 0, 11, 72),
(3106, 0, 12, 72),
(3107, 0, 13, 72),
(3108, 0, 14, 72),
(3109, 0, 15, 72),
(3110, 0, 16, 72),
(3111, 0, 17, 72),
(3112, 0, 18, 72),
(3113, 0, 19, 72),
(3114, 0, 20, 72),
(3115, 0, 21, 72),
(3116, 0, 22, 72),
(3117, 0, 23, 72),
(3118, 0, 24, 72),
(3119, 0, 25, 72),
(3120, 0, 26, 72),
(3121, 0, 27, 72),
(3122, 0, 28, 72),
(3123, 0, 29, 72),
(3124, 0, 30, 72),
(3125, 0, 31, 72),
(3126, 0, 32, 72),
(3127, 0, 33, 72),
(3128, 0, 34, 72),
(3129, 0, 35, 72),
(3130, 0, 36, 72),
(3131, 0, 37, 72),
(3132, 0, 38, 72),
(3133, 0, 39, 72),
(3134, 0, 40, 72),
(3135, 0, 41, 72),
(3136, 0, 42, 72),
(3137, 0, 43, 72),
(3138, 0, 44, 72),
(3139, 0, 1, 73),
(3140, 0, 2, 73),
(3141, 0, 3, 73),
(3142, 0, 4, 73),
(3143, 0, 5, 73),
(3144, 0, 6, 73),
(3145, 0, 7, 73),
(3146, 0, 8, 73),
(3147, 0, 9, 73),
(3148, 0, 10, 73),
(3149, 0, 11, 73),
(3150, 0, 12, 73),
(3151, 0, 13, 73),
(3152, 0, 14, 73),
(3153, 0, 15, 73),
(3154, 0, 16, 73),
(3155, 0, 17, 73),
(3156, 0, 18, 73),
(3157, 0, 19, 73),
(3158, 0, 20, 73),
(3159, 0, 21, 73),
(3160, 0, 22, 73),
(3161, 0, 23, 73),
(3162, 0, 24, 73),
(3163, 0, 25, 73),
(3164, 0, 26, 73),
(3165, 0, 27, 73),
(3166, 0, 28, 73),
(3167, 0, 29, 73),
(3168, 0, 30, 73),
(3169, 0, 31, 73),
(3170, 0, 32, 73),
(3171, 0, 33, 73),
(3172, 0, 34, 73),
(3173, 0, 35, 73),
(3174, 0, 36, 73),
(3175, 0, 37, 73),
(3176, 0, 38, 73),
(3177, 0, 39, 73),
(3178, 0, 40, 73),
(3179, 0, 41, 73),
(3180, 0, 42, 73),
(3181, 0, 43, 73),
(3182, 0, 44, 73),
(3183, 0, 1, 74),
(3184, 0, 2, 74),
(3185, 0, 3, 74),
(3186, 0, 4, 74),
(3187, 0, 5, 74),
(3188, 0, 6, 74),
(3189, 0, 7, 74),
(3190, 0, 8, 74),
(3191, 0, 9, 74),
(3192, 0, 10, 74),
(3193, 0, 11, 74),
(3194, 0, 12, 74),
(3195, 0, 13, 74),
(3196, 0, 14, 74),
(3197, 0, 15, 74),
(3198, 0, 16, 74),
(3199, 0, 17, 74),
(3200, 0, 18, 74),
(3201, 0, 19, 74),
(3202, 0, 20, 74),
(3203, 0, 21, 74),
(3204, 0, 22, 74),
(3205, 0, 23, 74),
(3206, 0, 24, 74),
(3207, 0, 25, 74),
(3208, 0, 26, 74),
(3209, 0, 27, 74),
(3210, 0, 28, 74),
(3211, 0, 29, 74),
(3212, 0, 30, 74),
(3213, 0, 31, 74),
(3214, 0, 32, 74),
(3215, 0, 33, 74),
(3216, 0, 34, 74),
(3217, 0, 35, 74),
(3218, 0, 36, 74),
(3219, 0, 37, 74),
(3220, 0, 38, 74),
(3221, 0, 39, 74),
(3222, 0, 40, 74),
(3223, 0, 41, 74),
(3224, 0, 42, 74),
(3225, 0, 43, 74),
(3226, 0, 44, 74),
(3227, 0, 1, 75),
(3228, 0, 2, 75),
(3229, 0, 3, 75);
INSERT INTO `resp_opmatematicas` (`id_respuesta`, `resultado`, `id_pregunta`, `id_evaluacion`) VALUES
(3230, 0, 4, 75),
(3231, 0, 5, 75),
(3232, 0, 6, 75),
(3233, 0, 7, 75),
(3234, 0, 8, 75),
(3235, 0, 9, 75),
(3236, 0, 10, 75),
(3237, 0, 11, 75),
(3238, 0, 12, 75),
(3239, 0, 13, 75),
(3240, 0, 14, 75),
(3241, 0, 15, 75),
(3242, 0, 16, 75),
(3243, 0, 17, 75),
(3244, 0, 18, 75),
(3245, 0, 19, 75),
(3246, 0, 20, 75),
(3247, 0, 21, 75),
(3248, 0, 22, 75),
(3249, 0, 23, 75),
(3250, 0, 24, 75),
(3251, 0, 25, 75),
(3252, 0, 26, 75),
(3253, 0, 27, 75),
(3254, 0, 28, 75),
(3255, 0, 29, 75),
(3256, 0, 30, 75),
(3257, 0, 31, 75),
(3258, 0, 32, 75),
(3259, 0, 33, 75),
(3260, 0, 34, 75),
(3261, 0, 35, 75),
(3262, 0, 36, 75),
(3263, 0, 37, 75),
(3264, 0, 38, 75),
(3265, 0, 39, 75),
(3266, 0, 40, 75),
(3267, 0, 41, 75),
(3268, 0, 42, 75),
(3269, 0, 43, 75),
(3270, 0, 44, 75),
(3271, 0, 1, 76),
(3272, 0, 2, 76),
(3273, 0, 3, 76),
(3274, 0, 4, 76),
(3275, 0, 5, 76),
(3276, 0, 6, 76),
(3277, 0, 7, 76),
(3278, 0, 8, 76),
(3279, 0, 9, 76),
(3280, 0, 10, 76),
(3281, 0, 11, 76),
(3282, 0, 12, 76),
(3283, 0, 13, 76),
(3284, 0, 14, 76),
(3285, 0, 15, 76),
(3286, 0, 16, 76),
(3287, 0, 17, 76),
(3288, 0, 18, 76),
(3289, 0, 19, 76),
(3290, 0, 20, 76),
(3291, 0, 21, 76),
(3292, 0, 22, 76),
(3293, 0, 23, 76),
(3294, 0, 24, 76),
(3295, 0, 25, 76),
(3296, 0, 26, 76),
(3297, 0, 27, 76),
(3298, 0, 28, 76),
(3299, 0, 29, 76),
(3300, 0, 30, 76),
(3301, 0, 31, 76),
(3302, 0, 32, 76),
(3303, 0, 33, 76),
(3304, 0, 34, 76),
(3305, 0, 35, 76),
(3306, 0, 36, 76),
(3307, 0, 37, 76),
(3308, 0, 38, 76),
(3309, 0, 39, 76),
(3310, 0, 40, 76),
(3311, 0, 41, 76),
(3312, 0, 42, 76),
(3313, 0, 43, 76),
(3314, 0, 44, 76),
(3315, 0, 1, 77),
(3316, 0, 2, 77),
(3317, 0, 3, 77),
(3318, 0, 4, 77),
(3319, 0, 5, 77),
(3320, 0, 6, 77),
(3321, 0, 7, 77),
(3322, 0, 8, 77),
(3323, 0, 9, 77),
(3324, 0, 10, 77),
(3325, 0, 11, 77),
(3326, 0, 12, 77),
(3327, 0, 13, 77),
(3328, 0, 14, 77),
(3329, 0, 15, 77),
(3330, 0, 16, 77),
(3331, 0, 17, 77),
(3332, 0, 18, 77),
(3333, 0, 19, 77),
(3334, 0, 20, 77),
(3335, 0, 21, 77),
(3336, 0, 22, 77),
(3337, 0, 23, 77),
(3338, 0, 24, 77),
(3339, 0, 25, 77),
(3340, 0, 26, 77),
(3341, 0, 27, 77),
(3342, 0, 28, 77),
(3343, 0, 29, 77),
(3344, 0, 30, 77),
(3345, 0, 31, 77),
(3346, 0, 32, 77),
(3347, 0, 33, 77),
(3348, 0, 34, 77),
(3349, 0, 35, 77),
(3350, 0, 36, 77),
(3351, 0, 37, 77),
(3352, 0, 38, 77),
(3353, 0, 39, 77),
(3354, 0, 40, 77),
(3355, 0, 41, 77),
(3356, 0, 42, 77),
(3357, 0, 43, 77),
(3358, 0, 44, 77),
(3359, 0, 1, 78),
(3360, 0, 2, 78),
(3361, 0, 3, 78),
(3362, 0, 4, 78),
(3363, 0, 5, 78),
(3364, 0, 6, 78),
(3365, 0, 7, 78),
(3366, 0, 8, 78),
(3367, 0, 9, 78),
(3368, 0, 10, 78),
(3369, 0, 11, 78),
(3370, 0, 12, 78),
(3371, 0, 13, 78),
(3372, 0, 14, 78),
(3373, 0, 15, 78),
(3374, 0, 16, 78),
(3375, 0, 17, 78),
(3376, 0, 18, 78),
(3377, 0, 19, 78),
(3378, 0, 20, 78),
(3379, 0, 21, 78),
(3380, 0, 22, 78),
(3381, 0, 23, 78),
(3382, 0, 24, 78),
(3383, 0, 25, 78),
(3384, 0, 26, 78),
(3385, 0, 27, 78),
(3386, 0, 28, 78),
(3387, 0, 29, 78),
(3388, 0, 30, 78),
(3389, 0, 31, 78),
(3390, 0, 32, 78),
(3391, 0, 33, 78),
(3392, 0, 34, 78),
(3393, 0, 35, 78),
(3394, 0, 36, 78),
(3395, 0, 37, 78),
(3396, 0, 38, 78),
(3397, 0, 39, 78),
(3398, 0, 40, 78),
(3399, 0, 41, 78),
(3400, 0, 42, 78),
(3401, 0, 43, 78),
(3402, 0, 44, 78),
(3403, 0, 1, 79),
(3404, 0, 2, 79),
(3405, 0, 3, 79),
(3406, 0, 4, 79),
(3407, 0, 5, 79),
(3408, 0, 6, 79),
(3409, 0, 7, 79),
(3410, 0, 8, 79),
(3411, 0, 9, 79),
(3412, 0, 10, 79),
(3413, 0, 11, 79),
(3414, 0, 12, 79),
(3415, 0, 13, 79),
(3416, 0, 14, 79),
(3417, 0, 15, 79),
(3418, 0, 16, 79),
(3419, 0, 17, 79),
(3420, 0, 18, 79),
(3421, 0, 19, 79),
(3422, 0, 20, 79),
(3423, 0, 21, 79),
(3424, 0, 22, 79),
(3425, 0, 23, 79),
(3426, 0, 24, 79),
(3427, 0, 25, 79),
(3428, 0, 26, 79),
(3429, 0, 27, 79),
(3430, 0, 28, 79),
(3431, 0, 29, 79),
(3432, 0, 30, 79),
(3433, 0, 31, 79),
(3434, 0, 32, 79),
(3435, 0, 33, 79),
(3436, 0, 34, 79),
(3437, 0, 35, 79),
(3438, 0, 36, 79),
(3439, 0, 37, 79),
(3440, 0, 38, 79),
(3441, 0, 39, 79),
(3442, 0, 40, 79),
(3443, 0, 41, 79),
(3444, 0, 42, 79),
(3445, 0, 43, 79),
(3446, 0, 44, 79),
(3447, 0, 1, 80),
(3448, 0, 2, 80),
(3449, 0, 3, 80),
(3450, 0, 4, 80),
(3451, 0, 5, 80),
(3452, 0, 6, 80),
(3453, 0, 7, 80),
(3454, 0, 8, 80),
(3455, 0, 9, 80),
(3456, 0, 10, 80),
(3457, 0, 11, 80),
(3458, 0, 12, 80),
(3459, 0, 13, 80),
(3460, 0, 14, 80),
(3461, 0, 15, 80),
(3462, 0, 16, 80),
(3463, 0, 17, 80),
(3464, 0, 18, 80),
(3465, 0, 19, 80),
(3466, 0, 20, 80),
(3467, 0, 21, 80),
(3468, 0, 22, 80),
(3469, 0, 23, 80),
(3470, 0, 24, 80),
(3471, 0, 25, 80),
(3472, 0, 26, 80),
(3473, 0, 27, 80),
(3474, 0, 28, 80),
(3475, 0, 29, 80),
(3476, 0, 30, 80),
(3477, 0, 31, 80),
(3478, 0, 32, 80),
(3479, 0, 33, 80),
(3480, 0, 34, 80),
(3481, 0, 35, 80),
(3482, 0, 36, 80),
(3483, 0, 37, 80),
(3484, 0, 38, 80),
(3485, 0, 39, 80),
(3486, 0, 40, 80),
(3487, 0, 41, 80),
(3488, 0, 42, 80),
(3489, 0, 43, 80),
(3490, 0, 44, 80),
(3491, 0, 1, 81),
(3492, 0, 2, 81),
(3493, 0, 3, 81),
(3494, 0, 4, 81),
(3495, 0, 5, 81),
(3496, 0, 6, 81),
(3497, 0, 7, 81),
(3498, 0, 8, 81),
(3499, 0, 9, 81),
(3500, 0, 10, 81),
(3501, 0, 11, 81),
(3502, 0, 12, 81),
(3503, 0, 13, 81),
(3504, 0, 14, 81),
(3505, 0, 15, 81),
(3506, 0, 16, 81),
(3507, 0, 17, 81),
(3508, 0, 18, 81),
(3509, 0, 19, 81),
(3510, 0, 20, 81),
(3511, 0, 21, 81),
(3512, 0, 22, 81),
(3513, 0, 23, 81),
(3514, 0, 24, 81),
(3515, 0, 25, 81),
(3516, 0, 26, 81),
(3517, 0, 27, 81),
(3518, 0, 28, 81),
(3519, 0, 29, 81),
(3520, 0, 30, 81),
(3521, 0, 31, 81),
(3522, 0, 32, 81),
(3523, 0, 33, 81),
(3524, 0, 34, 81),
(3525, 0, 35, 81),
(3526, 0, 36, 81),
(3527, 0, 37, 81),
(3528, 0, 38, 81),
(3529, 0, 39, 81),
(3530, 0, 40, 81),
(3531, 0, 41, 81),
(3532, 0, 42, 81),
(3533, 0, 43, 81),
(3534, 0, 44, 81),
(3535, 0, 1, 82),
(3536, 0, 2, 82),
(3537, 0, 3, 82),
(3538, 0, 4, 82),
(3539, 0, 5, 82),
(3540, 0, 6, 82),
(3541, 0, 7, 82),
(3542, 0, 8, 82),
(3543, 0, 9, 82),
(3544, 0, 10, 82),
(3545, 0, 11, 82),
(3546, 0, 12, 82),
(3547, 0, 13, 82),
(3548, 0, 14, 82),
(3549, 0, 15, 82),
(3550, 0, 16, 82),
(3551, 0, 17, 82),
(3552, 0, 18, 82),
(3553, 0, 19, 82),
(3554, 0, 20, 82),
(3555, 0, 21, 82),
(3556, 0, 22, 82),
(3557, 0, 23, 82),
(3558, 0, 24, 82),
(3559, 0, 25, 82),
(3560, 0, 26, 82),
(3561, 0, 27, 82),
(3562, 0, 28, 82),
(3563, 0, 29, 82),
(3564, 0, 30, 82),
(3565, 0, 31, 82),
(3566, 0, 32, 82),
(3567, 0, 33, 82),
(3568, 0, 34, 82),
(3569, 0, 35, 82),
(3570, 0, 36, 82),
(3571, 0, 37, 82),
(3572, 0, 38, 82),
(3573, 0, 39, 82),
(3574, 0, 40, 82),
(3575, 0, 41, 82),
(3576, 0, 42, 82),
(3577, 0, 43, 82),
(3578, 0, 44, 82),
(3579, 0, 1, 83),
(3580, 0, 2, 83),
(3581, 0, 3, 83),
(3582, 0, 4, 83),
(3583, 0, 5, 83),
(3584, 0, 6, 83),
(3585, 0, 7, 83),
(3586, 0, 8, 83),
(3587, 0, 9, 83),
(3588, 0, 10, 83),
(3589, 0, 11, 83),
(3590, 0, 12, 83),
(3591, 0, 13, 83),
(3592, 0, 14, 83),
(3593, 0, 15, 83),
(3594, 0, 16, 83),
(3595, 0, 17, 83),
(3596, 0, 18, 83),
(3597, 0, 19, 83),
(3598, 0, 20, 83),
(3599, 0, 21, 83),
(3600, 0, 22, 83),
(3601, 0, 23, 83),
(3602, 0, 24, 83),
(3603, 0, 25, 83),
(3604, 0, 26, 83),
(3605, 0, 27, 83),
(3606, 0, 28, 83),
(3607, 0, 29, 83),
(3608, 0, 30, 83),
(3609, 0, 31, 83),
(3610, 0, 32, 83),
(3611, 0, 33, 83),
(3612, 0, 34, 83),
(3613, 0, 35, 83),
(3614, 0, 36, 83),
(3615, 0, 37, 83),
(3616, 0, 38, 83),
(3617, 0, 39, 83),
(3618, 0, 40, 83),
(3619, 0, 41, 83),
(3620, 0, 42, 83),
(3621, 0, 43, 83),
(3622, 0, 44, 83),
(3623, 0, 1, 84),
(3624, 0, 2, 84),
(3625, 0, 3, 84),
(3626, 0, 4, 84),
(3627, 0, 5, 84),
(3628, 0, 6, 84),
(3629, 0, 7, 84),
(3630, 0, 8, 84),
(3631, 0, 9, 84),
(3632, 0, 10, 84),
(3633, 0, 11, 84),
(3634, 0, 12, 84),
(3635, 0, 13, 84),
(3636, 0, 14, 84),
(3637, 0, 15, 84),
(3638, 0, 16, 84),
(3639, 0, 17, 84),
(3640, 0, 18, 84),
(3641, 0, 19, 84),
(3642, 0, 20, 84),
(3643, 0, 21, 84),
(3644, 0, 22, 84),
(3645, 0, 23, 84),
(3646, 0, 24, 84),
(3647, 0, 25, 84),
(3648, 0, 26, 84),
(3649, 0, 27, 84),
(3650, 0, 28, 84),
(3651, 0, 29, 84),
(3652, 0, 30, 84),
(3653, 0, 31, 84),
(3654, 0, 32, 84),
(3655, 0, 33, 84),
(3656, 0, 34, 84),
(3657, 0, 35, 84),
(3658, 0, 36, 84),
(3659, 0, 37, 84),
(3660, 0, 38, 84),
(3661, 0, 39, 84),
(3662, 0, 40, 84),
(3663, 0, 41, 84),
(3664, 0, 42, 84),
(3665, 0, 43, 84),
(3666, 0, 44, 84),
(3667, 0, 1, 85),
(3668, 0, 2, 85),
(3669, 0, 3, 85),
(3670, 0, 4, 85),
(3671, 0, 5, 85),
(3672, 0, 6, 85),
(3673, 0, 7, 85),
(3674, 0, 8, 85),
(3675, 0, 9, 85),
(3676, 0, 10, 85),
(3677, 0, 11, 85),
(3678, 0, 12, 85),
(3679, 0, 13, 85),
(3680, 0, 14, 85),
(3681, 0, 15, 85),
(3682, 0, 16, 85),
(3683, 0, 17, 85),
(3684, 0, 18, 85),
(3685, 0, 19, 85),
(3686, 0, 20, 85),
(3687, 0, 21, 85),
(3688, 0, 22, 85),
(3689, 0, 23, 85),
(3690, 0, 24, 85),
(3691, 0, 25, 85),
(3692, 0, 26, 85),
(3693, 0, 27, 85),
(3694, 0, 28, 85),
(3695, 0, 29, 85),
(3696, 0, 30, 85),
(3697, 0, 31, 85),
(3698, 0, 32, 85),
(3699, 0, 33, 85),
(3700, 0, 34, 85),
(3701, 0, 35, 85),
(3702, 0, 36, 85),
(3703, 0, 37, 85),
(3704, 0, 38, 85),
(3705, 0, 39, 85),
(3706, 0, 40, 85),
(3707, 0, 41, 85),
(3708, 0, 42, 85),
(3709, 0, 43, 85),
(3710, 0, 44, 85),
(3711, 0, 1, 86),
(3712, 0, 2, 86),
(3713, 0, 3, 86),
(3714, 0, 4, 86),
(3715, 0, 5, 86),
(3716, 0, 6, 86),
(3717, 0, 7, 86),
(3718, 0, 8, 86),
(3719, 0, 9, 86),
(3720, 0, 10, 86),
(3721, 0, 11, 86),
(3722, 0, 12, 86),
(3723, 0, 13, 86),
(3724, 0, 14, 86),
(3725, 0, 15, 86),
(3726, 0, 16, 86),
(3727, 0, 17, 86),
(3728, 0, 18, 86),
(3729, 0, 19, 86),
(3730, 0, 20, 86),
(3731, 0, 21, 86),
(3732, 0, 22, 86),
(3733, 0, 23, 86),
(3734, 0, 24, 86),
(3735, 0, 25, 86),
(3736, 0, 26, 86),
(3737, 0, 27, 86),
(3738, 0, 28, 86),
(3739, 0, 29, 86),
(3740, 0, 30, 86),
(3741, 0, 31, 86),
(3742, 0, 32, 86),
(3743, 0, 33, 86),
(3744, 0, 34, 86),
(3745, 0, 35, 86),
(3746, 0, 36, 86),
(3747, 0, 37, 86),
(3748, 0, 38, 86),
(3749, 0, 39, 86),
(3750, 0, 40, 86),
(3751, 0, 41, 86),
(3752, 0, 42, 86),
(3753, 0, 43, 86),
(3754, 0, 44, 86),
(3755, 0, 1, 87),
(3756, 0, 2, 87),
(3757, 0, 3, 87),
(3758, 0, 4, 87),
(3759, 0, 5, 87),
(3760, 0, 6, 87),
(3761, 0, 7, 87),
(3762, 0, 8, 87),
(3763, 0, 9, 87),
(3764, 0, 10, 87),
(3765, 0, 11, 87),
(3766, 0, 12, 87),
(3767, 0, 13, 87),
(3768, 0, 14, 87),
(3769, 0, 15, 87),
(3770, 0, 16, 87),
(3771, 0, 17, 87),
(3772, 0, 18, 87),
(3773, 0, 19, 87),
(3774, 0, 20, 87),
(3775, 0, 21, 87),
(3776, 0, 22, 87),
(3777, 0, 23, 87),
(3778, 0, 24, 87),
(3779, 0, 25, 87),
(3780, 0, 26, 87),
(3781, 0, 27, 87),
(3782, 0, 28, 87),
(3783, 0, 29, 87),
(3784, 0, 30, 87),
(3785, 0, 31, 87),
(3786, 0, 32, 87),
(3787, 0, 33, 87),
(3788, 0, 34, 87),
(3789, 0, 35, 87),
(3790, 0, 36, 87),
(3791, 0, 37, 87),
(3792, 0, 38, 87),
(3793, 0, 39, 87),
(3794, 0, 40, 87),
(3795, 0, 41, 87),
(3796, 0, 42, 87),
(3797, 0, 43, 87),
(3798, 0, 44, 87),
(3799, 0, 1, 88),
(3800, 0, 2, 88),
(3801, 0, 3, 88),
(3802, 0, 4, 88),
(3803, 0, 5, 88),
(3804, 0, 6, 88),
(3805, 0, 7, 88),
(3806, 0, 8, 88),
(3807, 0, 9, 88),
(3808, 0, 10, 88),
(3809, 0, 11, 88),
(3810, 0, 12, 88),
(3811, 0, 13, 88),
(3812, 0, 14, 88),
(3813, 0, 15, 88),
(3814, 0, 16, 88),
(3815, 0, 17, 88),
(3816, 0, 18, 88),
(3817, 0, 19, 88),
(3818, 0, 20, 88),
(3819, 0, 21, 88),
(3820, 0, 22, 88),
(3821, 0, 23, 88),
(3822, 0, 24, 88),
(3823, 0, 25, 88),
(3824, 0, 26, 88),
(3825, 0, 27, 88),
(3826, 0, 28, 88),
(3827, 0, 29, 88),
(3828, 0, 30, 88),
(3829, 0, 31, 88),
(3830, 0, 32, 88),
(3831, 0, 33, 88),
(3832, 0, 34, 88),
(3833, 0, 35, 88),
(3834, 0, 36, 88),
(3835, 0, 37, 88),
(3836, 0, 38, 88),
(3837, 0, 39, 88),
(3838, 0, 40, 88),
(3839, 0, 41, 88),
(3840, 0, 42, 88),
(3841, 0, 43, 88),
(3842, 0, 44, 88),
(3843, 0, 1, 89),
(3844, 0, 2, 89),
(3845, 0, 3, 89),
(3846, 0, 4, 89),
(3847, 0, 5, 89),
(3848, 0, 6, 89),
(3849, 0, 7, 89),
(3850, 0, 8, 89),
(3851, 0, 9, 89),
(3852, 0, 10, 89),
(3853, 0, 11, 89),
(3854, 0, 12, 89),
(3855, 0, 13, 89),
(3856, 0, 14, 89),
(3857, 0, 15, 89),
(3858, 0, 16, 89),
(3859, 0, 17, 89),
(3860, 0, 18, 89),
(3861, 0, 19, 89),
(3862, 0, 20, 89),
(3863, 0, 21, 89),
(3864, 0, 22, 89),
(3865, 0, 23, 89),
(3866, 0, 24, 89),
(3867, 0, 25, 89),
(3868, 0, 26, 89),
(3869, 0, 27, 89),
(3870, 0, 28, 89),
(3871, 0, 29, 89),
(3872, 0, 30, 89),
(3873, 0, 31, 89),
(3874, 0, 32, 89),
(3875, 0, 33, 89),
(3876, 0, 34, 89),
(3877, 0, 35, 89),
(3878, 0, 36, 89),
(3879, 0, 37, 89),
(3880, 0, 38, 89),
(3881, 0, 39, 89),
(3882, 0, 40, 89),
(3883, 0, 41, 89),
(3884, 0, 42, 89),
(3885, 0, 43, 89),
(3886, 0, 44, 89),
(3887, 0, 1, 90),
(3888, 0, 2, 90),
(3889, 0, 3, 90),
(3890, 0, 4, 90),
(3891, 0, 5, 90),
(3892, 0, 6, 90),
(3893, 0, 7, 90),
(3894, 0, 8, 90),
(3895, 0, 9, 90),
(3896, 0, 10, 90),
(3897, 0, 11, 90),
(3898, 0, 12, 90),
(3899, 0, 13, 90),
(3900, 0, 14, 90),
(3901, 0, 15, 90),
(3902, 0, 16, 90),
(3903, 0, 17, 90),
(3904, 0, 18, 90),
(3905, 0, 19, 90),
(3906, 0, 20, 90),
(3907, 0, 21, 90),
(3908, 0, 22, 90),
(3909, 0, 23, 90),
(3910, 0, 24, 90),
(3911, 0, 25, 90),
(3912, 0, 26, 90),
(3913, 0, 27, 90),
(3914, 0, 28, 90),
(3915, 0, 29, 90),
(3916, 0, 30, 90),
(3917, 0, 31, 90),
(3918, 0, 32, 90),
(3919, 0, 33, 90),
(3920, 0, 34, 90),
(3921, 0, 35, 90),
(3922, 0, 36, 90),
(3923, 0, 37, 90),
(3924, 0, 38, 90),
(3925, 0, 39, 90),
(3926, 0, 40, 90),
(3927, 0, 41, 90),
(3928, 0, 42, 90),
(3929, 0, 43, 90),
(3930, 0, 44, 90),
(3931, 0, 1, 91),
(3932, 0, 2, 91),
(3933, 0, 3, 91),
(3934, 0, 4, 91),
(3935, 0, 5, 91),
(3936, 0, 6, 91),
(3937, 0, 7, 91),
(3938, 0, 8, 91),
(3939, 0, 9, 91),
(3940, 0, 10, 91),
(3941, 0, 11, 91),
(3942, 0, 12, 91),
(3943, 0, 13, 91),
(3944, 0, 14, 91),
(3945, 0, 15, 91),
(3946, 0, 16, 91),
(3947, 0, 17, 91),
(3948, 0, 18, 91),
(3949, 0, 19, 91),
(3950, 0, 20, 91),
(3951, 0, 21, 91),
(3952, 0, 22, 91),
(3953, 0, 23, 91),
(3954, 0, 24, 91),
(3955, 0, 25, 91),
(3956, 0, 26, 91),
(3957, 0, 27, 91),
(3958, 0, 28, 91),
(3959, 0, 29, 91),
(3960, 0, 30, 91),
(3961, 0, 31, 91),
(3962, 0, 32, 91),
(3963, 0, 33, 91),
(3964, 0, 34, 91),
(3965, 0, 35, 91),
(3966, 0, 36, 91),
(3967, 0, 37, 91),
(3968, 0, 38, 91),
(3969, 0, 39, 91),
(3970, 0, 40, 91),
(3971, 0, 41, 91),
(3972, 0, 42, 91),
(3973, 0, 43, 91),
(3974, 0, 44, 91),
(3975, 0, 1, 92),
(3976, 0, 2, 92),
(3977, 0, 3, 92),
(3978, 0, 4, 92),
(3979, 0, 5, 92),
(3980, 0, 6, 92),
(3981, 0, 7, 92),
(3982, 0, 8, 92),
(3983, 0, 9, 92),
(3984, 0, 10, 92),
(3985, 0, 11, 92),
(3986, 0, 12, 92),
(3987, 0, 13, 92),
(3988, 0, 14, 92),
(3989, 0, 15, 92),
(3990, 0, 16, 92),
(3991, 0, 17, 92),
(3992, 0, 18, 92),
(3993, 0, 19, 92),
(3994, 0, 20, 92),
(3995, 0, 21, 92),
(3996, 0, 22, 92),
(3997, 0, 23, 92),
(3998, 0, 24, 92),
(3999, 0, 25, 92),
(4000, 0, 26, 92),
(4001, 0, 27, 92),
(4002, 0, 28, 92),
(4003, 0, 29, 92),
(4004, 0, 30, 92),
(4005, 0, 31, 92),
(4006, 0, 32, 92),
(4007, 0, 33, 92),
(4008, 0, 34, 92),
(4009, 0, 35, 92),
(4010, 0, 36, 92),
(4011, 0, 37, 92),
(4012, 0, 38, 92),
(4013, 0, 39, 92),
(4014, 0, 40, 92),
(4015, 0, 41, 92),
(4016, 0, 42, 92),
(4017, 0, 43, 92),
(4018, 0, 44, 92),
(4019, 0, 1, 93),
(4020, 0, 2, 93),
(4021, 0, 3, 93),
(4022, 0, 4, 93),
(4023, 0, 5, 93),
(4024, 0, 6, 93),
(4025, 0, 7, 93),
(4026, 0, 8, 93),
(4027, 0, 9, 93),
(4028, 0, 10, 93),
(4029, 0, 11, 93),
(4030, 0, 12, 93),
(4031, 0, 13, 93),
(4032, 0, 14, 93),
(4033, 0, 15, 93),
(4034, 0, 16, 93),
(4035, 0, 17, 93),
(4036, 0, 18, 93),
(4037, 0, 19, 93),
(4038, 0, 20, 93),
(4039, 0, 21, 93),
(4040, 0, 22, 93),
(4041, 0, 23, 93),
(4042, 0, 24, 93),
(4043, 0, 25, 93),
(4044, 0, 26, 93),
(4045, 0, 27, 93),
(4046, 0, 28, 93),
(4047, 0, 29, 93),
(4048, 0, 30, 93),
(4049, 0, 31, 93),
(4050, 0, 32, 93),
(4051, 0, 33, 93),
(4052, 0, 34, 93),
(4053, 0, 35, 93),
(4054, 0, 36, 93),
(4055, 0, 37, 93),
(4056, 0, 38, 93),
(4057, 0, 39, 93),
(4058, 0, 40, 93),
(4059, 0, 41, 93),
(4060, 0, 42, 93),
(4061, 0, 43, 93),
(4062, 0, 44, 93),
(4063, 0, 1, 94),
(4064, 0, 2, 94),
(4065, 0, 3, 94),
(4066, 0, 4, 94),
(4067, 0, 5, 94),
(4068, 0, 6, 94),
(4069, 0, 7, 94),
(4070, 0, 8, 94),
(4071, 0, 9, 94),
(4072, 0, 10, 94),
(4073, 0, 11, 94),
(4074, 0, 12, 94),
(4075, 0, 13, 94),
(4076, 0, 14, 94),
(4077, 0, 15, 94),
(4078, 0, 16, 94),
(4079, 0, 17, 94),
(4080, 0, 18, 94),
(4081, 0, 19, 94),
(4082, 0, 20, 94),
(4083, 0, 21, 94),
(4084, 0, 22, 94),
(4085, 0, 23, 94),
(4086, 0, 24, 94),
(4087, 0, 25, 94),
(4088, 0, 26, 94),
(4089, 0, 27, 94),
(4090, 0, 28, 94),
(4091, 0, 29, 94),
(4092, 0, 30, 94),
(4093, 0, 31, 94),
(4094, 0, 32, 94),
(4095, 0, 33, 94),
(4096, 0, 34, 94),
(4097, 0, 35, 94),
(4098, 0, 36, 94),
(4099, 0, 37, 94),
(4100, 0, 38, 94),
(4101, 0, 39, 94),
(4102, 0, 40, 94),
(4103, 0, 41, 94),
(4104, 0, 42, 94),
(4105, 0, 43, 94),
(4106, 0, 44, 94),
(4107, 0, 1, 95),
(4108, 0, 2, 95),
(4109, 0, 3, 95),
(4110, 0, 4, 95),
(4111, 0, 5, 95),
(4112, 0, 6, 95),
(4113, 0, 7, 95),
(4114, 0, 8, 95),
(4115, 0, 9, 95),
(4116, 0, 10, 95),
(4117, 0, 11, 95),
(4118, 0, 12, 95),
(4119, 0, 13, 95),
(4120, 0, 14, 95),
(4121, 0, 15, 95),
(4122, 0, 16, 95),
(4123, 0, 17, 95),
(4124, 0, 18, 95),
(4125, 0, 19, 95),
(4126, 0, 20, 95),
(4127, 0, 21, 95),
(4128, 0, 22, 95),
(4129, 0, 23, 95),
(4130, 0, 24, 95),
(4131, 0, 25, 95),
(4132, 0, 26, 95),
(4133, 0, 27, 95),
(4134, 0, 28, 95),
(4135, 0, 29, 95),
(4136, 0, 30, 95),
(4137, 0, 31, 95),
(4138, 0, 32, 95),
(4139, 0, 33, 95),
(4140, 0, 34, 95),
(4141, 0, 35, 95),
(4142, 0, 36, 95),
(4143, 0, 37, 95),
(4144, 0, 38, 95),
(4145, 0, 39, 95),
(4146, 0, 40, 95),
(4147, 0, 41, 95),
(4148, 0, 42, 95),
(4149, 0, 43, 95),
(4150, 0, 44, 95),
(4151, 0, 1, 96),
(4152, 0, 2, 96),
(4153, 0, 3, 96),
(4154, 0, 4, 96),
(4155, 0, 5, 96),
(4156, 0, 6, 96),
(4157, 0, 7, 96),
(4158, 0, 8, 96),
(4159, 0, 9, 96),
(4160, 0, 10, 96),
(4161, 0, 11, 96),
(4162, 0, 12, 96),
(4163, 0, 13, 96),
(4164, 0, 14, 96),
(4165, 0, 15, 96),
(4166, 0, 16, 96),
(4167, 0, 17, 96),
(4168, 0, 18, 96),
(4169, 0, 19, 96),
(4170, 0, 20, 96),
(4171, 0, 21, 96),
(4172, 0, 22, 96),
(4173, 0, 23, 96),
(4174, 0, 24, 96),
(4175, 0, 25, 96),
(4176, 0, 26, 96),
(4177, 0, 27, 96),
(4178, 0, 28, 96),
(4179, 0, 29, 96),
(4180, 0, 30, 96),
(4181, 0, 31, 96),
(4182, 0, 32, 96),
(4183, 0, 33, 96),
(4184, 0, 34, 96),
(4185, 0, 35, 96),
(4186, 0, 36, 96),
(4187, 0, 37, 96),
(4188, 0, 38, 96),
(4189, 0, 39, 96),
(4190, 0, 40, 96),
(4191, 0, 41, 96),
(4192, 0, 42, 96),
(4193, 0, 43, 96),
(4194, 0, 44, 96),
(4195, 0, 1, 97),
(4196, 0, 2, 97),
(4197, 0, 3, 97),
(4198, 0, 4, 97),
(4199, 0, 5, 97),
(4200, 0, 6, 97),
(4201, 0, 7, 97),
(4202, 0, 8, 97),
(4203, 0, 9, 97),
(4204, 0, 10, 97),
(4205, 0, 11, 97),
(4206, 0, 12, 97),
(4207, 0, 13, 97),
(4208, 0, 14, 97),
(4209, 0, 15, 97),
(4210, 0, 16, 97),
(4211, 0, 17, 97),
(4212, 0, 18, 97),
(4213, 0, 19, 97),
(4214, 0, 20, 97),
(4215, 0, 21, 97),
(4216, 0, 22, 97),
(4217, 0, 23, 97),
(4218, 0, 24, 97),
(4219, 0, 25, 97),
(4220, 0, 26, 97),
(4221, 0, 27, 97),
(4222, 0, 28, 97),
(4223, 0, 29, 97),
(4224, 0, 30, 97),
(4225, 0, 31, 97),
(4226, 0, 32, 97),
(4227, 0, 33, 97),
(4228, 0, 34, 97),
(4229, 0, 35, 97),
(4230, 0, 36, 97),
(4231, 0, 37, 97),
(4232, 0, 38, 97),
(4233, 0, 39, 97),
(4234, 0, 40, 97),
(4235, 0, 41, 97),
(4236, 0, 42, 97),
(4237, 0, 43, 97),
(4238, 0, 44, 97),
(4239, 0, 1, 98),
(4240, 0, 2, 98),
(4241, 0, 3, 98),
(4242, 0, 4, 98),
(4243, 0, 5, 98),
(4244, 0, 6, 98),
(4245, 0, 7, 98),
(4246, 0, 8, 98),
(4247, 0, 9, 98),
(4248, 0, 10, 98),
(4249, 0, 11, 98),
(4250, 0, 12, 98),
(4251, 0, 13, 98),
(4252, 0, 14, 98),
(4253, 0, 15, 98),
(4254, 0, 16, 98),
(4255, 0, 17, 98),
(4256, 0, 18, 98),
(4257, 0, 19, 98),
(4258, 0, 20, 98),
(4259, 0, 21, 98),
(4260, 0, 22, 98),
(4261, 0, 23, 98),
(4262, 0, 24, 98),
(4263, 0, 25, 98),
(4264, 0, 26, 98),
(4265, 0, 27, 98),
(4266, 0, 28, 98),
(4267, 0, 29, 98),
(4268, 0, 30, 98),
(4269, 0, 31, 98),
(4270, 0, 32, 98),
(4271, 0, 33, 98),
(4272, 0, 34, 98),
(4273, 0, 35, 98),
(4274, 0, 36, 98),
(4275, 0, 37, 98),
(4276, 0, 38, 98),
(4277, 0, 39, 98),
(4278, 0, 40, 98),
(4279, 0, 41, 98),
(4280, 0, 42, 98),
(4281, 0, 43, 98),
(4282, 0, 44, 98),
(4283, 0, 1, 99),
(4284, 0, 2, 99),
(4285, 0, 3, 99),
(4286, 0, 4, 99),
(4287, 0, 5, 99),
(4288, 0, 6, 99),
(4289, 0, 7, 99),
(4290, 0, 8, 99),
(4291, 0, 9, 99),
(4292, 0, 10, 99),
(4293, 0, 11, 99),
(4294, 0, 12, 99),
(4295, 0, 13, 99),
(4296, 0, 14, 99),
(4297, 0, 15, 99),
(4298, 0, 16, 99),
(4299, 0, 17, 99),
(4300, 0, 18, 99),
(4301, 0, 19, 99),
(4302, 0, 20, 99),
(4303, 0, 21, 99),
(4304, 0, 22, 99),
(4305, 0, 23, 99),
(4306, 0, 24, 99),
(4307, 0, 25, 99),
(4308, 0, 26, 99),
(4309, 0, 27, 99),
(4310, 0, 28, 99),
(4311, 0, 29, 99),
(4312, 0, 30, 99),
(4313, 0, 31, 99),
(4314, 0, 32, 99),
(4315, 0, 33, 99),
(4316, 0, 34, 99),
(4317, 0, 35, 99),
(4318, 0, 36, 99),
(4319, 0, 37, 99),
(4320, 0, 38, 99),
(4321, 0, 39, 99),
(4322, 0, 40, 99),
(4323, 0, 41, 99),
(4324, 0, 42, 99),
(4325, 0, 43, 99),
(4326, 0, 44, 99),
(4327, 0, 1, 100),
(4328, 0, 2, 100),
(4329, 0, 3, 100),
(4330, 0, 4, 100),
(4331, 0, 5, 100),
(4332, 0, 6, 100),
(4333, 0, 7, 100),
(4334, 0, 8, 100),
(4335, 0, 9, 100),
(4336, 0, 10, 100),
(4337, 0, 11, 100),
(4338, 0, 12, 100),
(4339, 0, 13, 100),
(4340, 0, 14, 100),
(4341, 0, 15, 100),
(4342, 0, 16, 100),
(4343, 0, 17, 100),
(4344, 0, 18, 100),
(4345, 0, 19, 100),
(4346, 0, 20, 100),
(4347, 0, 21, 100),
(4348, 0, 22, 100),
(4349, 0, 23, 100),
(4350, 0, 24, 100),
(4351, 0, 25, 100),
(4352, 0, 26, 100),
(4353, 0, 27, 100),
(4354, 0, 28, 100),
(4355, 0, 29, 100),
(4356, 0, 30, 100),
(4357, 0, 31, 100),
(4358, 0, 32, 100),
(4359, 0, 33, 100),
(4360, 0, 34, 100),
(4361, 0, 35, 100),
(4362, 0, 36, 100),
(4363, 0, 37, 100),
(4364, 0, 38, 100),
(4365, 0, 39, 100),
(4366, 0, 40, 100),
(4367, 0, 41, 100),
(4368, 0, 42, 100),
(4369, 0, 43, 100),
(4370, 0, 44, 100),
(4371, 0, 1, 101),
(4372, 0, 2, 101),
(4373, 0, 3, 101),
(4374, 0, 4, 101),
(4375, 0, 5, 101),
(4376, 0, 6, 101),
(4377, 0, 7, 101),
(4378, 0, 8, 101),
(4379, 0, 9, 101),
(4380, 0, 10, 101),
(4381, 0, 11, 101),
(4382, 0, 12, 101),
(4383, 0, 13, 101),
(4384, 0, 14, 101),
(4385, 0, 15, 101),
(4386, 0, 16, 101),
(4387, 0, 17, 101),
(4388, 0, 18, 101),
(4389, 0, 19, 101),
(4390, 0, 20, 101),
(4391, 0, 21, 101),
(4392, 0, 22, 101),
(4393, 0, 23, 101),
(4394, 0, 24, 101),
(4395, 0, 25, 101),
(4396, 0, 26, 101),
(4397, 0, 27, 101),
(4398, 0, 28, 101),
(4399, 0, 29, 101),
(4400, 0, 30, 101),
(4401, 0, 31, 101),
(4402, 0, 32, 101),
(4403, 0, 33, 101),
(4404, 0, 34, 101),
(4405, 0, 35, 101),
(4406, 0, 36, 101),
(4407, 0, 37, 101),
(4408, 0, 38, 101),
(4409, 0, 39, 101),
(4410, 0, 40, 101),
(4411, 0, 41, 101),
(4412, 0, 42, 101),
(4413, 0, 43, 101),
(4414, 0, 44, 101),
(4415, 0, 1, 102),
(4416, 0, 2, 102),
(4417, 0, 3, 102),
(4418, 0, 4, 102),
(4419, 0, 5, 102),
(4420, 0, 6, 102),
(4421, 0, 7, 102),
(4422, 0, 8, 102),
(4423, 0, 9, 102),
(4424, 0, 10, 102),
(4425, 0, 11, 102),
(4426, 0, 12, 102),
(4427, 0, 13, 102),
(4428, 0, 14, 102),
(4429, 0, 15, 102),
(4430, 0, 16, 102),
(4431, 0, 17, 102),
(4432, 0, 18, 102),
(4433, 0, 19, 102),
(4434, 0, 20, 102),
(4435, 0, 21, 102),
(4436, 0, 22, 102),
(4437, 0, 23, 102),
(4438, 0, 24, 102),
(4439, 0, 25, 102),
(4440, 0, 26, 102),
(4441, 0, 27, 102),
(4442, 0, 28, 102),
(4443, 0, 29, 102),
(4444, 0, 30, 102),
(4445, 0, 31, 102),
(4446, 0, 32, 102),
(4447, 0, 33, 102),
(4448, 0, 34, 102),
(4449, 0, 35, 102),
(4450, 0, 36, 102),
(4451, 0, 37, 102),
(4452, 0, 38, 102),
(4453, 0, 39, 102),
(4454, 0, 40, 102),
(4455, 0, 41, 102),
(4456, 0, 42, 102),
(4457, 0, 43, 102),
(4458, 0, 44, 102),
(4459, 0, 1, 103),
(4460, 0, 2, 103),
(4461, 0, 3, 103),
(4462, 0, 4, 103),
(4463, 0, 5, 103),
(4464, 0, 6, 103),
(4465, 0, 7, 103),
(4466, 0, 8, 103),
(4467, 0, 9, 103),
(4468, 0, 10, 103),
(4469, 0, 11, 103),
(4470, 0, 12, 103),
(4471, 0, 13, 103),
(4472, 0, 14, 103),
(4473, 0, 15, 103),
(4474, 0, 16, 103),
(4475, 0, 17, 103),
(4476, 0, 18, 103),
(4477, 0, 19, 103),
(4478, 0, 20, 103),
(4479, 0, 21, 103),
(4480, 0, 22, 103),
(4481, 0, 23, 103),
(4482, 0, 24, 103),
(4483, 0, 25, 103),
(4484, 0, 26, 103),
(4485, 0, 27, 103),
(4486, 0, 28, 103),
(4487, 0, 29, 103),
(4488, 0, 30, 103),
(4489, 0, 31, 103),
(4490, 0, 32, 103),
(4491, 0, 33, 103),
(4492, 0, 34, 103),
(4493, 0, 35, 103),
(4494, 0, 36, 103),
(4495, 0, 37, 103),
(4496, 0, 38, 103),
(4497, 0, 39, 103),
(4498, 0, 40, 103),
(4499, 0, 41, 103),
(4500, 0, 42, 103),
(4501, 0, 43, 103),
(4502, 0, 44, 103),
(4503, 0, 1, 104),
(4504, 0, 2, 104),
(4505, 0, 3, 104),
(4506, 0, 4, 104),
(4507, 0, 5, 104),
(4508, 0, 6, 104),
(4509, 0, 7, 104),
(4510, 0, 8, 104),
(4511, 0, 9, 104),
(4512, 0, 10, 104),
(4513, 0, 11, 104),
(4514, 0, 12, 104),
(4515, 0, 13, 104),
(4516, 0, 14, 104),
(4517, 0, 15, 104),
(4518, 0, 16, 104),
(4519, 0, 17, 104),
(4520, 0, 18, 104),
(4521, 0, 19, 104),
(4522, 0, 20, 104),
(4523, 0, 21, 104),
(4524, 0, 22, 104),
(4525, 0, 23, 104),
(4526, 0, 24, 104),
(4527, 0, 25, 104),
(4528, 0, 26, 104),
(4529, 0, 27, 104),
(4530, 0, 28, 104),
(4531, 0, 29, 104),
(4532, 0, 30, 104),
(4533, 0, 31, 104),
(4534, 0, 32, 104),
(4535, 0, 33, 104),
(4536, 0, 34, 104),
(4537, 0, 35, 104),
(4538, 0, 36, 104),
(4539, 0, 37, 104),
(4540, 0, 38, 104),
(4541, 0, 39, 104),
(4542, 0, 40, 104),
(4543, 0, 41, 104),
(4544, 0, 42, 104),
(4545, 0, 43, 104),
(4546, 0, 44, 104),
(4547, 0, 1, 105),
(4548, 0, 2, 105),
(4549, 0, 3, 105),
(4550, 0, 4, 105),
(4551, 0, 5, 105),
(4552, 0, 6, 105),
(4553, 0, 7, 105),
(4554, 0, 8, 105),
(4555, 0, 9, 105),
(4556, 0, 10, 105),
(4557, 0, 11, 105),
(4558, 0, 12, 105),
(4559, 0, 13, 105),
(4560, 0, 14, 105),
(4561, 0, 15, 105),
(4562, 0, 16, 105),
(4563, 0, 17, 105),
(4564, 0, 18, 105),
(4565, 0, 19, 105),
(4566, 0, 20, 105),
(4567, 0, 21, 105),
(4568, 0, 22, 105),
(4569, 0, 23, 105),
(4570, 0, 24, 105),
(4571, 0, 25, 105),
(4572, 0, 26, 105),
(4573, 0, 27, 105),
(4574, 0, 28, 105),
(4575, 0, 29, 105),
(4576, 0, 30, 105),
(4577, 0, 31, 105),
(4578, 0, 32, 105),
(4579, 0, 33, 105),
(4580, 0, 34, 105),
(4581, 0, 35, 105),
(4582, 0, 36, 105),
(4583, 0, 37, 105),
(4584, 0, 38, 105),
(4585, 0, 39, 105),
(4586, 0, 40, 105),
(4587, 0, 41, 105),
(4588, 0, 42, 105),
(4589, 0, 43, 105),
(4590, 0, 44, 105),
(4591, 0, 1, 106),
(4592, 0, 2, 106),
(4593, 0, 3, 106),
(4594, 0, 4, 106),
(4595, 0, 5, 106),
(4596, 0, 6, 106),
(4597, 0, 7, 106),
(4598, 0, 8, 106),
(4599, 0, 9, 106),
(4600, 0, 10, 106),
(4601, 0, 11, 106),
(4602, 0, 12, 106),
(4603, 0, 13, 106),
(4604, 0, 14, 106),
(4605, 0, 15, 106),
(4606, 0, 16, 106),
(4607, 0, 17, 106),
(4608, 0, 18, 106),
(4609, 0, 19, 106),
(4610, 0, 20, 106),
(4611, 0, 21, 106),
(4612, 0, 22, 106),
(4613, 0, 23, 106),
(4614, 0, 24, 106),
(4615, 0, 25, 106),
(4616, 0, 26, 106),
(4617, 0, 27, 106),
(4618, 0, 28, 106),
(4619, 0, 29, 106),
(4620, 0, 30, 106),
(4621, 0, 31, 106),
(4622, 0, 32, 106),
(4623, 0, 33, 106),
(4624, 0, 34, 106),
(4625, 0, 35, 106),
(4626, 0, 36, 106),
(4627, 0, 37, 106),
(4628, 0, 38, 106),
(4629, 0, 39, 106),
(4630, 0, 40, 106),
(4631, 0, 41, 106),
(4632, 0, 42, 106),
(4633, 0, 43, 106),
(4634, 0, 44, 106),
(4635, 0, 1, 107),
(4636, 0, 2, 107),
(4637, 0, 3, 107),
(4638, 0, 4, 107),
(4639, 0, 5, 107),
(4640, 0, 6, 107),
(4641, 0, 7, 107),
(4642, 0, 8, 107),
(4643, 0, 9, 107),
(4644, 0, 10, 107),
(4645, 0, 11, 107),
(4646, 0, 12, 107),
(4647, 0, 13, 107),
(4648, 0, 14, 107),
(4649, 0, 15, 107),
(4650, 0, 16, 107),
(4651, 0, 17, 107),
(4652, 0, 18, 107),
(4653, 0, 19, 107),
(4654, 0, 20, 107),
(4655, 0, 21, 107),
(4656, 0, 22, 107),
(4657, 0, 23, 107),
(4658, 0, 24, 107),
(4659, 0, 25, 107),
(4660, 0, 26, 107),
(4661, 0, 27, 107),
(4662, 0, 28, 107),
(4663, 0, 29, 107),
(4664, 0, 30, 107),
(4665, 0, 31, 107),
(4666, 0, 32, 107),
(4667, 0, 33, 107),
(4668, 0, 34, 107),
(4669, 0, 35, 107),
(4670, 0, 36, 107),
(4671, 0, 37, 107),
(4672, 0, 38, 107),
(4673, 0, 39, 107),
(4674, 0, 40, 107),
(4675, 0, 41, 107),
(4676, 0, 42, 107),
(4677, 0, 43, 107),
(4678, 0, 44, 107),
(4679, 0, 1, 108),
(4680, 0, 2, 108),
(4681, 0, 3, 108),
(4682, 0, 4, 108),
(4683, 0, 5, 108),
(4684, 0, 6, 108),
(4685, 0, 7, 108),
(4686, 0, 8, 108),
(4687, 0, 9, 108),
(4688, 0, 10, 108),
(4689, 0, 11, 108),
(4690, 0, 12, 108),
(4691, 0, 13, 108),
(4692, 0, 14, 108),
(4693, 0, 15, 108),
(4694, 0, 16, 108),
(4695, 0, 17, 108),
(4696, 0, 18, 108),
(4697, 0, 19, 108),
(4698, 0, 20, 108),
(4699, 0, 21, 108),
(4700, 0, 22, 108),
(4701, 0, 23, 108),
(4702, 0, 24, 108),
(4703, 0, 25, 108),
(4704, 0, 26, 108),
(4705, 0, 27, 108),
(4706, 0, 28, 108),
(4707, 0, 29, 108),
(4708, 0, 30, 108),
(4709, 0, 31, 108),
(4710, 0, 32, 108),
(4711, 0, 33, 108),
(4712, 0, 34, 108),
(4713, 0, 35, 108),
(4714, 0, 36, 108),
(4715, 0, 37, 108),
(4716, 0, 38, 108),
(4717, 0, 39, 108),
(4718, 0, 40, 108),
(4719, 0, 41, 108),
(4720, 0, 42, 108),
(4721, 0, 43, 108),
(4722, 0, 44, 108),
(4723, 0, 1, 109),
(4724, 0, 2, 109),
(4725, 0, 3, 109),
(4726, 0, 4, 109),
(4727, 0, 5, 109),
(4728, 0, 6, 109),
(4729, 0, 7, 109),
(4730, 0, 8, 109),
(4731, 0, 9, 109),
(4732, 0, 10, 109),
(4733, 0, 11, 109),
(4734, 0, 12, 109),
(4735, 0, 13, 109),
(4736, 0, 14, 109),
(4737, 0, 15, 109),
(4738, 0, 16, 109),
(4739, 0, 17, 109),
(4740, 0, 18, 109),
(4741, 0, 19, 109),
(4742, 0, 20, 109),
(4743, 0, 21, 109),
(4744, 0, 22, 109),
(4745, 0, 23, 109),
(4746, 0, 24, 109),
(4747, 0, 25, 109),
(4748, 0, 26, 109),
(4749, 0, 27, 109),
(4750, 0, 28, 109),
(4751, 0, 29, 109),
(4752, 0, 30, 109),
(4753, 0, 31, 109),
(4754, 0, 32, 109),
(4755, 0, 33, 109),
(4756, 0, 34, 109),
(4757, 0, 35, 109),
(4758, 0, 36, 109),
(4759, 0, 37, 109),
(4760, 0, 38, 109),
(4761, 0, 39, 109),
(4762, 0, 40, 109),
(4763, 0, 41, 109),
(4764, 0, 42, 109),
(4765, 0, 43, 109),
(4766, 0, 44, 109),
(4767, 0, 1, 110),
(4768, 0, 2, 110),
(4769, 0, 3, 110),
(4770, 0, 4, 110),
(4771, 0, 5, 110),
(4772, 0, 6, 110),
(4773, 0, 7, 110),
(4774, 0, 8, 110),
(4775, 0, 9, 110),
(4776, 0, 10, 110),
(4777, 0, 11, 110),
(4778, 0, 12, 110),
(4779, 0, 13, 110),
(4780, 0, 14, 110),
(4781, 0, 15, 110),
(4782, 0, 16, 110),
(4783, 0, 17, 110),
(4784, 0, 18, 110),
(4785, 0, 19, 110),
(4786, 0, 20, 110),
(4787, 0, 21, 110),
(4788, 0, 22, 110),
(4789, 0, 23, 110),
(4790, 0, 24, 110),
(4791, 0, 25, 110),
(4792, 0, 26, 110),
(4793, 0, 27, 110),
(4794, 0, 28, 110),
(4795, 0, 29, 110),
(4796, 0, 30, 110),
(4797, 0, 31, 110),
(4798, 0, 32, 110),
(4799, 0, 33, 110),
(4800, 0, 34, 110),
(4801, 0, 35, 110),
(4802, 0, 36, 110),
(4803, 0, 37, 110),
(4804, 0, 38, 110),
(4805, 0, 39, 110),
(4806, 0, 40, 110),
(4807, 0, 41, 110),
(4808, 0, 42, 110),
(4809, 0, 43, 110),
(4810, 0, 44, 110),
(4811, 0, 1, 111),
(4812, 0, 2, 111),
(4813, 0, 3, 111),
(4814, 0, 4, 111),
(4815, 0, 5, 111),
(4816, 0, 6, 111),
(4817, 0, 7, 111),
(4818, 0, 8, 111),
(4819, 0, 9, 111),
(4820, 0, 10, 111),
(4821, 0, 11, 111),
(4822, 0, 12, 111),
(4823, 0, 13, 111),
(4824, 0, 14, 111),
(4825, 0, 15, 111),
(4826, 0, 16, 111),
(4827, 0, 17, 111),
(4828, 0, 18, 111),
(4829, 0, 19, 111),
(4830, 0, 20, 111),
(4831, 0, 21, 111),
(4832, 0, 22, 111),
(4833, 0, 23, 111),
(4834, 0, 24, 111),
(4835, 0, 25, 111),
(4836, 0, 26, 111),
(4837, 0, 27, 111),
(4838, 0, 28, 111),
(4839, 0, 29, 111),
(4840, 0, 30, 111),
(4841, 0, 31, 111),
(4842, 0, 32, 111),
(4843, 0, 33, 111),
(4844, 0, 34, 111),
(4845, 0, 35, 111),
(4846, 0, 36, 111),
(4847, 0, 37, 111),
(4848, 0, 38, 111),
(4849, 0, 39, 111),
(4850, 0, 40, 111),
(4851, 0, 41, 111),
(4852, 0, 42, 111),
(4853, 0, 43, 111),
(4854, 0, 44, 111),
(4855, 0, 1, 112),
(4856, 0, 2, 112),
(4857, 0, 3, 112),
(4858, 0, 4, 112),
(4859, 0, 5, 112),
(4860, 0, 6, 112),
(4861, 0, 7, 112),
(4862, 0, 8, 112),
(4863, 0, 9, 112),
(4864, 0, 10, 112),
(4865, 0, 11, 112),
(4866, 0, 12, 112),
(4867, 0, 13, 112),
(4868, 0, 14, 112),
(4869, 0, 15, 112),
(4870, 0, 16, 112),
(4871, 0, 17, 112),
(4872, 0, 18, 112),
(4873, 0, 19, 112),
(4874, 0, 20, 112),
(4875, 0, 21, 112),
(4876, 0, 22, 112),
(4877, 0, 23, 112),
(4878, 0, 24, 112),
(4879, 0, 25, 112),
(4880, 0, 26, 112),
(4881, 0, 27, 112),
(4882, 0, 28, 112),
(4883, 0, 29, 112),
(4884, 0, 30, 112),
(4885, 0, 31, 112),
(4886, 0, 32, 112),
(4887, 0, 33, 112),
(4888, 0, 34, 112),
(4889, 0, 35, 112),
(4890, 0, 36, 112),
(4891, 0, 37, 112),
(4892, 0, 38, 112),
(4893, 0, 39, 112),
(4894, 0, 40, 112),
(4895, 0, 41, 112),
(4896, 0, 42, 112),
(4897, 0, 43, 112),
(4898, 0, 44, 112),
(4899, 0, 1, 113),
(4900, 0, 2, 113),
(4901, 0, 3, 113),
(4902, 0, 4, 113),
(4903, 0, 5, 113),
(4904, 0, 6, 113),
(4905, 0, 7, 113),
(4906, 0, 8, 113),
(4907, 0, 9, 113),
(4908, 0, 10, 113),
(4909, 0, 11, 113),
(4910, 0, 12, 113),
(4911, 0, 13, 113),
(4912, 0, 14, 113),
(4913, 0, 15, 113),
(4914, 0, 16, 113),
(4915, 0, 17, 113),
(4916, 0, 18, 113),
(4917, 0, 19, 113),
(4918, 0, 20, 113),
(4919, 0, 21, 113),
(4920, 0, 22, 113),
(4921, 0, 23, 113),
(4922, 0, 24, 113),
(4923, 0, 25, 113),
(4924, 0, 26, 113),
(4925, 0, 27, 113),
(4926, 0, 28, 113),
(4927, 0, 29, 113),
(4928, 0, 30, 113),
(4929, 0, 31, 113),
(4930, 0, 32, 113),
(4931, 0, 33, 113),
(4932, 0, 34, 113),
(4933, 0, 35, 113),
(4934, 0, 36, 113),
(4935, 0, 37, 113),
(4936, 0, 38, 113),
(4937, 0, 39, 113),
(4938, 0, 40, 113),
(4939, 0, 41, 113),
(4940, 0, 42, 113),
(4941, 0, 43, 113),
(4942, 0, 44, 113),
(4943, 6, 1, 114),
(4944, 6, 2, 114),
(4945, 6, 3, 114),
(4946, 6, 4, 114),
(4947, 6, 5, 114),
(4948, 6, 6, 114),
(4949, 6, 7, 114),
(4950, 6, 8, 114),
(4951, 6, 9, 114),
(4952, 6, 10, 114),
(4953, 6, 11, 114),
(4954, 6, 12, 114),
(4955, 6, 13, 114),
(4956, 6, 14, 114),
(4957, 6, 15, 114),
(4958, 6, 16, 114),
(4959, 6, 17, 114),
(4960, 6, 18, 114),
(4961, 6, 19, 114),
(4962, 6, 20, 114),
(4963, 6, 21, 114),
(4964, 6, 22, 114),
(4965, 6, 23, 114),
(4966, 6, 24, 114),
(4967, 6, 25, 114),
(4968, 6, 26, 114),
(4969, 6, 27, 114),
(4970, 6, 28, 114),
(4971, 6, 29, 114),
(4972, 6, 30, 114),
(4973, 6, 31, 114),
(4974, 6, 32, 114),
(4975, 6, 33, 114),
(4976, 6, 34, 114),
(4977, 6, 35, 114),
(4978, 6, 36, 114),
(4979, 6, 37, 114),
(4980, 6, 38, 114),
(4981, 6, 39, 114),
(4982, 6, 40, 114),
(4983, 6, 41, 114),
(4984, 6, 42, 114),
(4985, 6, 43, 114),
(4986, 6, 44, 114),
(4987, 786786, 1, 115),
(4988, 7678, 2, 115),
(4989, 6786, 3, 115),
(4990, 78678, 4, 115),
(4991, 786, 5, 115),
(4992, 78678, 6, 115),
(4993, 6786, 7, 115),
(4994, 786, 8, 115),
(4995, 786, 9, 115),
(4996, 78678, 10, 115),
(4997, 678, 11, 115),
(4998, 7866, 12, 115),
(4999, 576, 13, 115),
(5000, 58, 14, 115),
(5001, 65, 15, 115),
(5002, 78576, 16, 115),
(5003, 568, 17, 115),
(5004, 5, 18, 115),
(5005, 68785, 19, 115),
(5006, 65, 20, 115),
(5007, 78, 21, 115),
(5008, 578, 22, 115),
(5009, 5, 23, 115),
(5010, 785, 24, 115),
(5011, 76, 25, 115),
(5012, 585, 26, 115),
(5013, 6, 27, 115),
(5014, 5675, 28, 115),
(5015, 87585, 29, 115),
(5016, 876, 30, 115),
(5017, 78, 31, 115),
(5018, 665, 32, 115),
(5019, 87, 33, 115),
(5020, 678, 34, 115),
(5021, 68, 35, 115),
(5022, 757, 36, 115),
(5023, 6, 37, 115),
(5024, 856, 38, 115),
(5025, 8687, 39, 115),
(5026, 76, 40, 115),
(5027, 678678, 41, 115),
(5028, 68, 42, 115),
(5029, 76786, 43, 115),
(5030, 78687, 44, 115),
(5031, 786786, 1, 116),
(5032, 7678, 2, 116),
(5033, 6786, 3, 116),
(5034, 78678, 4, 116),
(5035, 786, 5, 116),
(5036, 78678, 6, 116),
(5037, 6786, 7, 116),
(5038, 786, 8, 116),
(5039, 786, 9, 116),
(5040, 78678, 10, 116),
(5041, 678, 11, 116),
(5042, 7866, 12, 116),
(5043, 576, 13, 116),
(5044, 58, 14, 116),
(5045, 65, 15, 116),
(5046, 78576, 16, 116),
(5047, 568, 17, 116),
(5048, 5, 18, 116),
(5049, 68785, 19, 116),
(5050, 65, 20, 116),
(5051, 78, 21, 116),
(5052, 578, 22, 116),
(5053, 5, 23, 116),
(5054, 785, 24, 116),
(5055, 76, 25, 116),
(5056, 585, 26, 116),
(5057, 6, 27, 116),
(5058, 5675, 28, 116),
(5059, 87585, 29, 116),
(5060, 876, 30, 116),
(5061, 78, 31, 116),
(5062, 665, 32, 116),
(5063, 87, 33, 116),
(5064, 678, 34, 116),
(5065, 68, 35, 116),
(5066, 757, 36, 116),
(5067, 6, 37, 116),
(5068, 856, 38, 116),
(5069, 8687, 39, 116),
(5070, 76, 40, 116),
(5071, 678678, 41, 116),
(5072, 68, 42, 116),
(5073, 76786, 43, 116),
(5074, 78687, 44, 116),
(5075, 786786, 1, 117),
(5076, 7678, 2, 117),
(5077, 6786, 3, 117),
(5078, 78678, 4, 117),
(5079, 786, 5, 117),
(5080, 78678, 6, 117),
(5081, 6786, 7, 117),
(5082, 786, 8, 117),
(5083, 786, 9, 117),
(5084, 78678, 10, 117),
(5085, 678, 11, 117),
(5086, 7866, 12, 117),
(5087, 576, 13, 117),
(5088, 58, 14, 117),
(5089, 65, 15, 117),
(5090, 78576, 16, 117),
(5091, 568, 17, 117),
(5092, 5, 18, 117),
(5093, 68785, 19, 117),
(5094, 65, 20, 117),
(5095, 78, 21, 117),
(5096, 578, 22, 117),
(5097, 5, 23, 117),
(5098, 785, 24, 117),
(5099, 76, 25, 117),
(5100, 585, 26, 117),
(5101, 6, 27, 117),
(5102, 5675, 28, 117),
(5103, 87585, 29, 117),
(5104, 876, 30, 117),
(5105, 78, 31, 117),
(5106, 665, 32, 117),
(5107, 87, 33, 117),
(5108, 678, 34, 117),
(5109, 68, 35, 117),
(5110, 757, 36, 117),
(5111, 6, 37, 117),
(5112, 856, 38, 117),
(5113, 8687, 39, 117),
(5114, 76, 40, 117),
(5115, 678678, 41, 117),
(5116, 68, 42, 117),
(5117, 76786, 43, 117),
(5118, 78687, 44, 117),
(5119, 786786, 1, 118),
(5120, 7678, 2, 118),
(5121, 6786, 3, 118),
(5122, 78678, 4, 118),
(5123, 786, 5, 118),
(5124, 78678, 6, 118),
(5125, 6786, 7, 118),
(5126, 786, 8, 118),
(5127, 786, 9, 118),
(5128, 78678, 10, 118),
(5129, 678, 11, 118),
(5130, 7866, 12, 118),
(5131, 576, 13, 118),
(5132, 58, 14, 118),
(5133, 65, 15, 118),
(5134, 78576, 16, 118),
(5135, 568, 17, 118),
(5136, 5, 18, 118),
(5137, 68785, 19, 118),
(5138, 65, 20, 118),
(5139, 78, 21, 118),
(5140, 578, 22, 118),
(5141, 5, 23, 118),
(5142, 785, 24, 118),
(5143, 76, 25, 118),
(5144, 585, 26, 118),
(5145, 6, 27, 118),
(5146, 5675, 28, 118),
(5147, 87585, 29, 118),
(5148, 876, 30, 118),
(5149, 78, 31, 118),
(5150, 665, 32, 118),
(5151, 87, 33, 118),
(5152, 678, 34, 118),
(5153, 68, 35, 118),
(5154, 757, 36, 118),
(5155, 6, 37, 118),
(5156, 856, 38, 118),
(5157, 8687, 39, 118),
(5158, 76, 40, 118),
(5159, 678678, 41, 118),
(5160, 68, 42, 118),
(5161, 76786, 43, 118),
(5162, 78687, 44, 118),
(5163, 786786, 1, 119),
(5164, 7678, 2, 119),
(5165, 6786, 3, 119),
(5166, 78678, 4, 119),
(5167, 786, 5, 119),
(5168, 78678, 6, 119),
(5169, 6786, 7, 119),
(5170, 786, 8, 119),
(5171, 786, 9, 119),
(5172, 78678, 10, 119),
(5173, 678, 11, 119),
(5174, 7866, 12, 119),
(5175, 576, 13, 119),
(5176, 58, 14, 119),
(5177, 65, 15, 119),
(5178, 78576, 16, 119),
(5179, 568, 17, 119),
(5180, 5, 18, 119),
(5181, 68785, 19, 119),
(5182, 65, 20, 119),
(5183, 78, 21, 119),
(5184, 578, 22, 119),
(5185, 5, 23, 119),
(5186, 785, 24, 119),
(5187, 76, 25, 119),
(5188, 585, 26, 119),
(5189, 6, 27, 119),
(5190, 5675, 28, 119),
(5191, 87585, 29, 119),
(5192, 876, 30, 119),
(5193, 78, 31, 119),
(5194, 665, 32, 119),
(5195, 87, 33, 119),
(5196, 678, 34, 119),
(5197, 68, 35, 119),
(5198, 757, 36, 119),
(5199, 6, 37, 119),
(5200, 856, 38, 119),
(5201, 8687, 39, 119),
(5202, 76, 40, 119),
(5203, 678678, 41, 119),
(5204, 68, 42, 119),
(5205, 76786, 43, 119),
(5206, 78687, 44, 119),
(5207, 786786, 1, 120),
(5208, 7678, 2, 120),
(5209, 6786, 3, 120),
(5210, 78678, 4, 120),
(5211, 786, 5, 120),
(5212, 78678, 6, 120),
(5213, 6786, 7, 120),
(5214, 786, 8, 120),
(5215, 786, 9, 120),
(5216, 78678, 10, 120),
(5217, 678, 11, 120),
(5218, 7866, 12, 120),
(5219, 576, 13, 120),
(5220, 58, 14, 120),
(5221, 65, 15, 120),
(5222, 78576, 16, 120),
(5223, 568, 17, 120),
(5224, 5, 18, 120),
(5225, 68785, 19, 120),
(5226, 65, 20, 120),
(5227, 78, 21, 120),
(5228, 578, 22, 120),
(5229, 5, 23, 120),
(5230, 785, 24, 120),
(5231, 76, 25, 120),
(5232, 585, 26, 120),
(5233, 6, 27, 120),
(5234, 5675, 28, 120),
(5235, 87585, 29, 120),
(5236, 876, 30, 120),
(5237, 78, 31, 120),
(5238, 665, 32, 120),
(5239, 87, 33, 120),
(5240, 678, 34, 120),
(5241, 68, 35, 120),
(5242, 757, 36, 120),
(5243, 6, 37, 120),
(5244, 856, 38, 120),
(5245, 8687, 39, 120),
(5246, 76, 40, 120),
(5247, 678678, 41, 120),
(5248, 68, 42, 120),
(5249, 76786, 43, 120),
(5250, 78687, 44, 120),
(5251, 786786, 1, 121),
(5252, 7678, 2, 121),
(5253, 6786, 3, 121),
(5254, 78678, 4, 121),
(5255, 786, 5, 121),
(5256, 78678, 6, 121),
(5257, 6786, 7, 121),
(5258, 786, 8, 121),
(5259, 786, 9, 121),
(5260, 78678, 10, 121),
(5261, 678, 11, 121),
(5262, 7866, 12, 121),
(5263, 576, 13, 121),
(5264, 58, 14, 121),
(5265, 65, 15, 121),
(5266, 78576, 16, 121),
(5267, 568, 17, 121),
(5268, 5, 18, 121),
(5269, 68785, 19, 121),
(5270, 65, 20, 121),
(5271, 78, 21, 121),
(5272, 578, 22, 121),
(5273, 5, 23, 121),
(5274, 785, 24, 121),
(5275, 76, 25, 121),
(5276, 585, 26, 121),
(5277, 6, 27, 121),
(5278, 5675, 28, 121),
(5279, 87585, 29, 121),
(5280, 876, 30, 121),
(5281, 78, 31, 121),
(5282, 665, 32, 121),
(5283, 87, 33, 121),
(5284, 678, 34, 121),
(5285, 68, 35, 121),
(5286, 757, 36, 121),
(5287, 6, 37, 121),
(5288, 856, 38, 121),
(5289, 8687, 39, 121),
(5290, 76, 40, 121),
(5291, 678678, 41, 121),
(5292, 68, 42, 121),
(5293, 76786, 43, 121),
(5294, 78687, 44, 121),
(5295, 786786, 1, 122),
(5296, 7678, 2, 122),
(5297, 6786, 3, 122),
(5298, 78678, 4, 122),
(5299, 786, 5, 122),
(5300, 78678, 6, 122),
(5301, 6786, 7, 122),
(5302, 786, 8, 122),
(5303, 786, 9, 122),
(5304, 78678, 10, 122),
(5305, 678, 11, 122),
(5306, 7866, 12, 122),
(5307, 576, 13, 122),
(5308, 58, 14, 122),
(5309, 65, 15, 122),
(5310, 78576, 16, 122),
(5311, 568, 17, 122),
(5312, 5, 18, 122),
(5313, 68785, 19, 122),
(5314, 65, 20, 122),
(5315, 78, 21, 122),
(5316, 578, 22, 122),
(5317, 5, 23, 122),
(5318, 785, 24, 122),
(5319, 76, 25, 122),
(5320, 585, 26, 122),
(5321, 6, 27, 122),
(5322, 5675, 28, 122),
(5323, 87585, 29, 122),
(5324, 876, 30, 122),
(5325, 78, 31, 122),
(5326, 665, 32, 122),
(5327, 87, 33, 122),
(5328, 678, 34, 122),
(5329, 68, 35, 122),
(5330, 757, 36, 122),
(5331, 6, 37, 122),
(5332, 856, 38, 122),
(5333, 8687, 39, 122),
(5334, 76, 40, 122),
(5335, 678678, 41, 122),
(5336, 68, 42, 122),
(5337, 76786, 43, 122),
(5338, 78687, 44, 122),
(5339, 786786, 1, 123),
(5340, 7678, 2, 123),
(5341, 6786, 3, 123),
(5342, 78678, 4, 123),
(5343, 786, 5, 123),
(5344, 78678, 6, 123),
(5345, 6786, 7, 123),
(5346, 786, 8, 123),
(5347, 786, 9, 123),
(5348, 78678, 10, 123),
(5349, 678, 11, 123),
(5350, 7866, 12, 123),
(5351, 576, 13, 123),
(5352, 58, 14, 123),
(5353, 65, 15, 123),
(5354, 78576, 16, 123),
(5355, 568, 17, 123),
(5356, 5, 18, 123),
(5357, 68785, 19, 123),
(5358, 65, 20, 123),
(5359, 78, 21, 123),
(5360, 578, 22, 123),
(5361, 5, 23, 123),
(5362, 785, 24, 123),
(5363, 76, 25, 123),
(5364, 585, 26, 123),
(5365, 6, 27, 123),
(5366, 5675, 28, 123),
(5367, 87585, 29, 123),
(5368, 876, 30, 123),
(5369, 78, 31, 123),
(5370, 665, 32, 123),
(5371, 87, 33, 123),
(5372, 678, 34, 123),
(5373, 68, 35, 123),
(5374, 757, 36, 123),
(5375, 6, 37, 123),
(5376, 856, 38, 123),
(5377, 8687, 39, 123),
(5378, 76, 40, 123),
(5379, 678678, 41, 123),
(5380, 68, 42, 123),
(5381, 76786, 43, 123),
(5382, 78687, 44, 123),
(5383, 786786, 1, 124),
(5384, 7678, 2, 124),
(5385, 6786, 3, 124),
(5386, 78678, 4, 124),
(5387, 786, 5, 124),
(5388, 78678, 6, 124),
(5389, 6786, 7, 124),
(5390, 786, 8, 124),
(5391, 786, 9, 124),
(5392, 78678, 10, 124),
(5393, 678, 11, 124),
(5394, 7866, 12, 124),
(5395, 576, 13, 124),
(5396, 58, 14, 124),
(5397, 65, 15, 124),
(5398, 78576, 16, 124),
(5399, 568, 17, 124),
(5400, 5, 18, 124),
(5401, 68785, 19, 124),
(5402, 65, 20, 124),
(5403, 78, 21, 124),
(5404, 578, 22, 124),
(5405, 5, 23, 124),
(5406, 785, 24, 124),
(5407, 76, 25, 124),
(5408, 585, 26, 124),
(5409, 6, 27, 124),
(5410, 5675, 28, 124),
(5411, 87585, 29, 124),
(5412, 876, 30, 124),
(5413, 78, 31, 124),
(5414, 665, 32, 124),
(5415, 87, 33, 124),
(5416, 678, 34, 124),
(5417, 68, 35, 124),
(5418, 757, 36, 124),
(5419, 6, 37, 124),
(5420, 856, 38, 124),
(5421, 8687, 39, 124),
(5422, 76, 40, 124),
(5423, 678678, 41, 124),
(5424, 68, 42, 124),
(5425, 76786, 43, 124),
(5426, 78687, 44, 124),
(5427, 786786, 1, 125),
(5428, 7678, 2, 125),
(5429, 6786, 3, 125),
(5430, 78678, 4, 125),
(5431, 786, 5, 125),
(5432, 78678, 6, 125),
(5433, 6786, 7, 125),
(5434, 786, 8, 125),
(5435, 786, 9, 125),
(5436, 78678, 10, 125),
(5437, 678, 11, 125),
(5438, 7866, 12, 125),
(5439, 576, 13, 125),
(5440, 58, 14, 125),
(5441, 65, 15, 125),
(5442, 78576, 16, 125),
(5443, 568, 17, 125),
(5444, 5, 18, 125),
(5445, 68785, 19, 125),
(5446, 65, 20, 125),
(5447, 78, 21, 125),
(5448, 578, 22, 125),
(5449, 5, 23, 125),
(5450, 785, 24, 125),
(5451, 76, 25, 125),
(5452, 585, 26, 125),
(5453, 6, 27, 125),
(5454, 5675, 28, 125),
(5455, 87585, 29, 125),
(5456, 876, 30, 125),
(5457, 78, 31, 125),
(5458, 665, 32, 125),
(5459, 87, 33, 125),
(5460, 678, 34, 125),
(5461, 68, 35, 125),
(5462, 757, 36, 125),
(5463, 6, 37, 125),
(5464, 856, 38, 125),
(5465, 8687, 39, 125),
(5466, 76, 40, 125),
(5467, 678678, 41, 125),
(5468, 68, 42, 125),
(5469, 76786, 43, 125),
(5470, 78687, 44, 125),
(5471, 0, 1, 126),
(5472, 0, 2, 126),
(5473, 0, 3, 126),
(5474, 0, 4, 126),
(5475, 0, 5, 126),
(5476, 0, 6, 126),
(5477, 0, 7, 126),
(5478, 0, 8, 126),
(5479, 0, 9, 126),
(5480, 0, 10, 126),
(5481, 0, 11, 126),
(5482, 0, 12, 126),
(5483, 0, 13, 126),
(5484, 0, 14, 126),
(5485, 0, 15, 126),
(5486, 0, 16, 126),
(5487, 0, 17, 126),
(5488, 0, 18, 126),
(5489, 0, 19, 126),
(5490, 0, 20, 126),
(5491, 0, 21, 126),
(5492, 0, 22, 126),
(5493, 0, 23, 126),
(5494, 0, 24, 126),
(5495, 0, 25, 126),
(5496, 0, 26, 126),
(5497, 0, 27, 126),
(5498, 0, 28, 126),
(5499, 0, 29, 126),
(5500, 0, 30, 126),
(5501, 0, 31, 126),
(5502, 0, 32, 126),
(5503, 0, 33, 126),
(5504, 0, 34, 126),
(5505, 0, 35, 126),
(5506, 0, 36, 126),
(5507, 0, 37, 126),
(5508, 0, 38, 126),
(5509, 0, 39, 126),
(5510, 0, 40, 126),
(5511, 0, 41, 126),
(5512, 0, 42, 126),
(5513, 0, 43, 126),
(5514, 0, 44, 126),
(5515, 0, 1, 127),
(5516, 0, 2, 127),
(5517, 0, 3, 127),
(5518, 0, 4, 127),
(5519, 0, 5, 127),
(5520, 0, 6, 127),
(5521, 0, 7, 127),
(5522, 0, 8, 127),
(5523, 0, 9, 127),
(5524, 0, 10, 127),
(5525, 0, 11, 127),
(5526, 0, 12, 127),
(5527, 0, 13, 127),
(5528, 0, 14, 127),
(5529, 0, 15, 127),
(5530, 0, 16, 127),
(5531, 0, 17, 127),
(5532, 0, 18, 127),
(5533, 0, 19, 127),
(5534, 0, 20, 127),
(5535, 0, 21, 127),
(5536, 0, 22, 127),
(5537, 0, 23, 127),
(5538, 0, 24, 127),
(5539, 0, 25, 127),
(5540, 0, 26, 127),
(5541, 0, 27, 127),
(5542, 0, 28, 127),
(5543, 0, 29, 127),
(5544, 0, 30, 127),
(5545, 0, 31, 127),
(5546, 0, 32, 127),
(5547, 0, 33, 127),
(5548, 0, 34, 127),
(5549, 0, 35, 127),
(5550, 0, 36, 127),
(5551, 0, 37, 127),
(5552, 0, 38, 127),
(5553, 0, 39, 127),
(5554, 0, 40, 127),
(5555, 0, 41, 127),
(5556, 0, 42, 127),
(5557, 0, 43, 127),
(5558, 0, 44, 127),
(5559, 0, 1, 128),
(5560, 0, 2, 128),
(5561, 0, 3, 128),
(5562, 0, 4, 128),
(5563, 0, 5, 128),
(5564, 0, 6, 128),
(5565, 0, 7, 128),
(5566, 0, 8, 128),
(5567, 0, 9, 128),
(5568, 0, 10, 128),
(5569, 0, 11, 128),
(5570, 0, 12, 128),
(5571, 0, 13, 128),
(5572, 0, 14, 128),
(5573, 0, 15, 128),
(5574, 0, 16, 128),
(5575, 0, 17, 128),
(5576, 0, 18, 128),
(5577, 0, 19, 128),
(5578, 0, 20, 128),
(5579, 0, 21, 128),
(5580, 0, 22, 128),
(5581, 0, 23, 128),
(5582, 0, 24, 128),
(5583, 0, 25, 128),
(5584, 0, 26, 128),
(5585, 0, 27, 128),
(5586, 0, 28, 128),
(5587, 0, 29, 128),
(5588, 0, 30, 128),
(5589, 0, 31, 128),
(5590, 0, 32, 128),
(5591, 0, 33, 128),
(5592, 0, 34, 128),
(5593, 0, 35, 128),
(5594, 0, 36, 128),
(5595, 0, 37, 128),
(5596, 0, 38, 128),
(5597, 0, 39, 128),
(5598, 0, 40, 128),
(5599, 0, 41, 128),
(5600, 0, 42, 128),
(5601, 0, 43, 128),
(5602, 0, 44, 128),
(5603, 0, 1, 129),
(5604, 0, 2, 129),
(5605, 0, 3, 129),
(5606, 0, 4, 129),
(5607, 0, 5, 129),
(5608, 0, 6, 129),
(5609, 0, 7, 129),
(5610, 0, 8, 129),
(5611, 0, 9, 129),
(5612, 0, 10, 129),
(5613, 0, 11, 129),
(5614, 0, 12, 129),
(5615, 0, 13, 129),
(5616, 0, 14, 129),
(5617, 0, 15, 129),
(5618, 0, 16, 129),
(5619, 0, 17, 129),
(5620, 0, 18, 129),
(5621, 0, 19, 129),
(5622, 0, 20, 129),
(5623, 0, 21, 129),
(5624, 0, 22, 129),
(5625, 0, 23, 129),
(5626, 0, 24, 129),
(5627, 0, 25, 129),
(5628, 0, 26, 129),
(5629, 0, 27, 129),
(5630, 0, 28, 129),
(5631, 0, 29, 129),
(5632, 0, 30, 129),
(5633, 0, 31, 129),
(5634, 0, 32, 129),
(5635, 0, 33, 129),
(5636, 0, 34, 129),
(5637, 0, 35, 129),
(5638, 0, 36, 129),
(5639, 0, 37, 129),
(5640, 0, 38, 129),
(5641, 0, 39, 129),
(5642, 0, 40, 129),
(5643, 0, 41, 129),
(5644, 0, 42, 129),
(5645, 0, 43, 129),
(5646, 0, 44, 129),
(5647, 0, 1, 130),
(5648, 0, 2, 130),
(5649, 0, 3, 130),
(5650, 0, 4, 130),
(5651, 0, 5, 130),
(5652, 0, 6, 130),
(5653, 0, 7, 130),
(5654, 0, 8, 130),
(5655, 0, 9, 130),
(5656, 0, 10, 130),
(5657, 0, 11, 130),
(5658, 0, 12, 130),
(5659, 0, 13, 130),
(5660, 0, 14, 130),
(5661, 0, 15, 130),
(5662, 0, 16, 130),
(5663, 0, 17, 130),
(5664, 0, 18, 130),
(5665, 0, 19, 130),
(5666, 0, 20, 130),
(5667, 0, 21, 130),
(5668, 0, 22, 130),
(5669, 0, 23, 130),
(5670, 0, 24, 130),
(5671, 0, 25, 130),
(5672, 0, 26, 130),
(5673, 0, 27, 130),
(5674, 0, 28, 130),
(5675, 0, 29, 130),
(5676, 0, 30, 130),
(5677, 0, 31, 130),
(5678, 0, 32, 130),
(5679, 0, 33, 130),
(5680, 0, 34, 130),
(5681, 0, 35, 130),
(5682, 0, 36, 130),
(5683, 0, 37, 130),
(5684, 0, 38, 130),
(5685, 0, 39, 130),
(5686, 0, 40, 130),
(5687, 0, 41, 130),
(5688, 0, 42, 130),
(5689, 0, 43, 130),
(5690, 0, 44, 130),
(5691, 0, 1, 131),
(5692, 0, 2, 131),
(5693, 0, 3, 131),
(5694, 0, 4, 131),
(5695, 0, 5, 131),
(5696, 0, 6, 131),
(5697, 0, 7, 131),
(5698, 0, 8, 131),
(5699, 0, 9, 131),
(5700, 0, 10, 131),
(5701, 0, 11, 131),
(5702, 0, 12, 131),
(5703, 0, 13, 131),
(5704, 0, 14, 131),
(5705, 0, 15, 131),
(5706, 0, 16, 131),
(5707, 0, 17, 131),
(5708, 0, 18, 131),
(5709, 0, 19, 131),
(5710, 0, 20, 131),
(5711, 0, 21, 131),
(5712, 0, 22, 131),
(5713, 0, 23, 131),
(5714, 0, 24, 131),
(5715, 0, 25, 131),
(5716, 0, 26, 131),
(5717, 0, 27, 131),
(5718, 0, 28, 131),
(5719, 0, 29, 131),
(5720, 0, 30, 131),
(5721, 0, 31, 131),
(5722, 0, 32, 131),
(5723, 0, 33, 131),
(5724, 0, 34, 131),
(5725, 0, 35, 131),
(5726, 0, 36, 131),
(5727, 0, 37, 131),
(5728, 0, 38, 131),
(5729, 0, 39, 131),
(5730, 0, 40, 131),
(5731, 0, 41, 131),
(5732, 0, 42, 131),
(5733, 0, 43, 131),
(5734, 0, 44, 131),
(5735, 0, 1, 132),
(5736, 0, 2, 132),
(5737, 0, 3, 132),
(5738, 0, 4, 132),
(5739, 0, 5, 132),
(5740, 0, 6, 132),
(5741, 0, 7, 132),
(5742, 0, 8, 132),
(5743, 0, 9, 132),
(5744, 0, 10, 132),
(5745, 0, 11, 132),
(5746, 0, 12, 132),
(5747, 0, 13, 132),
(5748, 0, 14, 132),
(5749, 0, 15, 132),
(5750, 0, 16, 132),
(5751, 0, 17, 132),
(5752, 0, 18, 132),
(5753, 0, 19, 132),
(5754, 0, 20, 132),
(5755, 0, 21, 132),
(5756, 0, 22, 132),
(5757, 0, 23, 132),
(5758, 0, 24, 132),
(5759, 0, 25, 132),
(5760, 0, 26, 132),
(5761, 0, 27, 132),
(5762, 0, 28, 132),
(5763, 0, 29, 132),
(5764, 0, 30, 132),
(5765, 0, 31, 132),
(5766, 0, 32, 132),
(5767, 0, 33, 132),
(5768, 0, 34, 132),
(5769, 0, 35, 132),
(5770, 0, 36, 132),
(5771, 0, 37, 132),
(5772, 0, 38, 132),
(5773, 0, 39, 132),
(5774, 0, 40, 132),
(5775, 0, 41, 132),
(5776, 0, 42, 132),
(5777, 0, 43, 132),
(5778, 0, 44, 132),
(5779, 0, 1, 133),
(5780, 0, 2, 133),
(5781, 0, 3, 133),
(5782, 0, 4, 133),
(5783, 0, 5, 133),
(5784, 0, 6, 133),
(5785, 0, 7, 133),
(5786, 0, 8, 133),
(5787, 0, 9, 133),
(5788, 0, 10, 133),
(5789, 0, 11, 133),
(5790, 0, 12, 133),
(5791, 0, 13, 133),
(5792, 0, 14, 133),
(5793, 0, 15, 133),
(5794, 0, 16, 133),
(5795, 0, 17, 133),
(5796, 0, 18, 133),
(5797, 0, 19, 133),
(5798, 0, 20, 133),
(5799, 0, 21, 133),
(5800, 0, 22, 133),
(5801, 0, 23, 133),
(5802, 0, 24, 133),
(5803, 0, 25, 133),
(5804, 0, 26, 133),
(5805, 0, 27, 133),
(5806, 0, 28, 133),
(5807, 0, 29, 133),
(5808, 0, 30, 133),
(5809, 0, 31, 133),
(5810, 0, 32, 133),
(5811, 0, 33, 133),
(5812, 0, 34, 133),
(5813, 0, 35, 133),
(5814, 0, 36, 133),
(5815, 0, 37, 133),
(5816, 0, 38, 133),
(5817, 0, 39, 133),
(5818, 0, 40, 133),
(5819, 0, 41, 133),
(5820, 0, 42, 133),
(5821, 0, 43, 133),
(5822, 0, 44, 133),
(5823, 0, 1, 134),
(5824, 0, 2, 134),
(5825, 0, 3, 134),
(5826, 0, 4, 134),
(5827, 0, 5, 134),
(5828, 0, 6, 134),
(5829, 0, 7, 134),
(5830, 0, 8, 134),
(5831, 0, 9, 134),
(5832, 0, 10, 134),
(5833, 0, 11, 134),
(5834, 0, 12, 134),
(5835, 0, 13, 134),
(5836, 0, 14, 134),
(5837, 0, 15, 134),
(5838, 0, 16, 134),
(5839, 0, 17, 134),
(5840, 0, 18, 134),
(5841, 0, 19, 134),
(5842, 0, 20, 134),
(5843, 0, 21, 134),
(5844, 0, 22, 134),
(5845, 0, 23, 134),
(5846, 0, 24, 134),
(5847, 0, 25, 134),
(5848, 0, 26, 134),
(5849, 0, 27, 134),
(5850, 0, 28, 134),
(5851, 0, 29, 134),
(5852, 0, 30, 134),
(5853, 0, 31, 134),
(5854, 0, 32, 134),
(5855, 0, 33, 134),
(5856, 0, 34, 134),
(5857, 0, 35, 134),
(5858, 0, 36, 134),
(5859, 0, 37, 134),
(5860, 0, 38, 134),
(5861, 0, 39, 134),
(5862, 0, 40, 134),
(5863, 0, 41, 134),
(5864, 0, 42, 134),
(5865, 0, 43, 134),
(5866, 0, 44, 134),
(5867, 0, 1, 135),
(5868, 0, 2, 135),
(5869, 0, 3, 135),
(5870, 0, 4, 135),
(5871, 0, 5, 135),
(5872, 0, 6, 135),
(5873, 0, 7, 135),
(5874, 0, 8, 135),
(5875, 0, 9, 135),
(5876, 0, 10, 135),
(5877, 0, 11, 135),
(5878, 0, 12, 135),
(5879, 0, 13, 135),
(5880, 0, 14, 135),
(5881, 0, 15, 135),
(5882, 0, 16, 135),
(5883, 0, 17, 135),
(5884, 0, 18, 135),
(5885, 0, 19, 135),
(5886, 0, 20, 135),
(5887, 0, 21, 135),
(5888, 0, 22, 135),
(5889, 0, 23, 135),
(5890, 0, 24, 135),
(5891, 0, 25, 135),
(5892, 0, 26, 135),
(5893, 0, 27, 135),
(5894, 0, 28, 135),
(5895, 0, 29, 135),
(5896, 0, 30, 135),
(5897, 0, 31, 135),
(5898, 0, 32, 135),
(5899, 0, 33, 135),
(5900, 0, 34, 135),
(5901, 0, 35, 135),
(5902, 0, 36, 135),
(5903, 0, 37, 135),
(5904, 0, 38, 135),
(5905, 0, 39, 135),
(5906, 0, 40, 135),
(5907, 0, 41, 135),
(5908, 0, 42, 135),
(5909, 0, 43, 135),
(5910, 0, 44, 135),
(5911, 0, 1, 136),
(5912, 0, 2, 136),
(5913, 0, 3, 136),
(5914, 0, 4, 136),
(5915, 0, 5, 136),
(5916, 0, 6, 136),
(5917, 0, 7, 136),
(5918, 0, 8, 136),
(5919, 0, 9, 136),
(5920, 0, 10, 136),
(5921, 0, 11, 136),
(5922, 0, 12, 136),
(5923, 0, 13, 136),
(5924, 0, 14, 136),
(5925, 0, 15, 136),
(5926, 0, 16, 136),
(5927, 0, 17, 136),
(5928, 0, 18, 136),
(5929, 0, 19, 136),
(5930, 0, 20, 136),
(5931, 0, 21, 136),
(5932, 0, 22, 136),
(5933, 0, 23, 136),
(5934, 0, 24, 136),
(5935, 0, 25, 136),
(5936, 0, 26, 136),
(5937, 0, 27, 136),
(5938, 0, 28, 136),
(5939, 0, 29, 136),
(5940, 0, 30, 136),
(5941, 0, 31, 136),
(5942, 0, 32, 136),
(5943, 0, 33, 136),
(5944, 0, 34, 136),
(5945, 0, 35, 136),
(5946, 0, 36, 136),
(5947, 0, 37, 136),
(5948, 0, 38, 136),
(5949, 0, 39, 136),
(5950, 0, 40, 136),
(5951, 0, 41, 136),
(5952, 0, 42, 136),
(5953, 0, 43, 136),
(5954, 0, 44, 136),
(5955, 0, 1, 137),
(5956, 0, 2, 137),
(5957, 0, 3, 137),
(5958, 0, 4, 137),
(5959, 0, 5, 137),
(5960, 0, 6, 137),
(5961, 0, 7, 137),
(5962, 0, 8, 137),
(5963, 0, 9, 137),
(5964, 0, 10, 137),
(5965, 0, 11, 137),
(5966, 0, 12, 137),
(5967, 0, 13, 137),
(5968, 0, 14, 137),
(5969, 0, 15, 137),
(5970, 0, 16, 137),
(5971, 0, 17, 137),
(5972, 0, 18, 137),
(5973, 0, 19, 137),
(5974, 0, 20, 137),
(5975, 0, 21, 137),
(5976, 0, 22, 137),
(5977, 0, 23, 137),
(5978, 0, 24, 137),
(5979, 0, 25, 137),
(5980, 0, 26, 137),
(5981, 0, 27, 137),
(5982, 0, 28, 137),
(5983, 0, 29, 137),
(5984, 0, 30, 137),
(5985, 0, 31, 137),
(5986, 0, 32, 137),
(5987, 0, 33, 137),
(5988, 0, 34, 137),
(5989, 0, 35, 137),
(5990, 0, 36, 137),
(5991, 0, 37, 137),
(5992, 0, 38, 137),
(5993, 0, 39, 137),
(5994, 0, 40, 137),
(5995, 0, 41, 137),
(5996, 0, 42, 137),
(5997, 0, 43, 137),
(5998, 0, 44, 137),
(5999, 0, 1, 138),
(6000, 0, 2, 138),
(6001, 0, 3, 138),
(6002, 0, 4, 138),
(6003, 0, 5, 138),
(6004, 0, 6, 138),
(6005, 0, 7, 138),
(6006, 0, 8, 138),
(6007, 0, 9, 138),
(6008, 0, 10, 138),
(6009, 0, 11, 138),
(6010, 0, 12, 138),
(6011, 0, 13, 138),
(6012, 0, 14, 138),
(6013, 0, 15, 138),
(6014, 0, 16, 138),
(6015, 0, 17, 138),
(6016, 0, 18, 138),
(6017, 0, 19, 138),
(6018, 0, 20, 138),
(6019, 0, 21, 138),
(6020, 0, 22, 138),
(6021, 0, 23, 138),
(6022, 0, 24, 138),
(6023, 0, 25, 138),
(6024, 0, 26, 138),
(6025, 0, 27, 138),
(6026, 0, 28, 138),
(6027, 0, 29, 138),
(6028, 0, 30, 138),
(6029, 0, 31, 138),
(6030, 0, 32, 138),
(6031, 0, 33, 138),
(6032, 0, 34, 138),
(6033, 0, 35, 138),
(6034, 0, 36, 138);
INSERT INTO `resp_opmatematicas` (`id_respuesta`, `resultado`, `id_pregunta`, `id_evaluacion`) VALUES
(6035, 0, 37, 138),
(6036, 0, 38, 138),
(6037, 0, 39, 138),
(6038, 0, 40, 138),
(6039, 0, 41, 138),
(6040, 0, 42, 138),
(6041, 0, 43, 138),
(6042, 0, 44, 138),
(6043, 0, 1, 139),
(6044, 0, 2, 139),
(6045, 0, 3, 139),
(6046, 0, 4, 139),
(6047, 0, 5, 139),
(6048, 0, 6, 139),
(6049, 0, 7, 139),
(6050, 0, 8, 139),
(6051, 0, 9, 139),
(6052, 0, 10, 139),
(6053, 0, 11, 139),
(6054, 0, 12, 139),
(6055, 0, 13, 139),
(6056, 0, 14, 139),
(6057, 0, 15, 139),
(6058, 0, 16, 139),
(6059, 0, 17, 139),
(6060, 0, 18, 139),
(6061, 0, 19, 139),
(6062, 0, 20, 139),
(6063, 0, 21, 139),
(6064, 0, 22, 139),
(6065, 0, 23, 139),
(6066, 0, 24, 139),
(6067, 0, 25, 139),
(6068, 0, 26, 139),
(6069, 0, 27, 139),
(6070, 0, 28, 139),
(6071, 0, 29, 139),
(6072, 0, 30, 139),
(6073, 0, 31, 139),
(6074, 0, 32, 139),
(6075, 0, 33, 139),
(6076, 0, 34, 139),
(6077, 0, 35, 139),
(6078, 0, 36, 139),
(6079, 0, 37, 139),
(6080, 0, 38, 139),
(6081, 0, 39, 139),
(6082, 0, 40, 139),
(6083, 0, 41, 139),
(6084, 0, 42, 139),
(6085, 0, 43, 139),
(6086, 0, 44, 139);

-- --------------------------------------------------------

--
-- Table structure for table `resp_problema`
--

CREATE TABLE `resp_problema` (
  `id_respuesta` bigint(20) NOT NULL,
  `respuesta` double NOT NULL,
  `id_pregunta` int(11) NOT NULL,
  `id_evaluacion` int(11) NOT NULL
) ENGINE=InnoDB DEFAULT CHARSET=utf8 COLLATE=utf8_spanish2_ci;

--
-- Dumping data for table `resp_problema`
--

INSERT INTO `resp_problema` (`id_respuesta`, `respuesta`, `id_pregunta`, `id_evaluacion`) VALUES
(6, 0, 1, 7),
(7, 6, 1, 8),
(8, 9, 1, 9),
(9, 5, 1, 10),
(10, 9, 1, 11),
(11, 0, 1, 13),
(12, 0, 1, 14),
(13, 0, 1, 15),
(14, 9, 1, 16),
(15, 9, 1, 17),
(16, 9, 1, 18),
(17, 0, 1, 19),
(18, 0, 1, 20),
(19, 2, 1, 21),
(20, 0, 1, 22),
(21, 0, 1, 23),
(22, 0, 1, 24),
(23, 0, 1, 25),
(24, 0, 1, 26),
(25, 0, 1, 27),
(26, 0, 1, 28),
(27, 0, 1, 29),
(28, 0, 1, 30),
(29, 0, 1, 31),
(30, 0, 1, 32),
(31, 0, 1, 33),
(32, 0, 1, 34),
(33, 0, 1, 35),
(34, 0, 1, 36),
(35, 0, 1, 37),
(36, 0, 1, 38),
(37, 0, 1, 39),
(38, 0, 1, 40),
(39, 0, 1, 41),
(40, 0, 1, 42),
(41, 0, 1, 43),
(42, 0, 1, 44),
(43, 0, 1, 45),
(44, 0, 1, 46),
(45, 0, 1, 47),
(46, 0, 1, 48),
(47, 0, 1, 49),
(48, 0, 1, 50),
(49, 0, 1, 51),
(50, 0, 1, 52),
(51, 0, 1, 53),
(52, 0, 1, 54),
(53, 0, 1, 55),
(54, 0, 1, 56),
(55, 0, 1, 57),
(56, 0, 1, 58),
(57, 0, 1, 59),
(58, 0, 1, 60),
(59, 0, 1, 61),
(60, 0, 1, 62),
(61, 0, 1, 63),
(62, 0, 1, 64),
(63, 0, 1, 65),
(64, 0, 1, 66),
(65, 0, 1, 67),
(66, 0, 1, 68),
(67, 0, 1, 69),
(68, 0, 1, 70),
(69, 0, 1, 71),
(70, 0, 1, 72),
(71, 0, 1, 73),
(72, 0, 1, 74),
(73, 0, 1, 75),
(74, 0, 1, 76),
(75, 0, 1, 77),
(76, 0, 1, 78),
(77, 0, 1, 79),
(78, 0, 1, 80),
(79, 0, 1, 81),
(80, 0, 1, 82),
(81, 0, 1, 83),
(82, 0, 1, 84),
(83, 0, 1, 85),
(84, 0, 1, 86),
(85, 0, 1, 87),
(86, 0, 1, 88),
(87, 0, 1, 89),
(88, 0, 1, 90),
(89, 0, 1, 91),
(90, 0, 1, 92),
(91, 0, 1, 93),
(92, 0, 1, 94),
(93, 0, 1, 95),
(94, 0, 1, 96),
(95, 0, 1, 97),
(96, 0, 1, 98),
(97, 0, 1, 99),
(98, 0, 1, 100),
(99, 0, 1, 101),
(100, 0, 1, 102),
(101, 0, 1, 103),
(102, 0, 1, 104),
(103, 0, 1, 105),
(104, 0, 1, 106),
(105, 0, 1, 107),
(106, 0, 1, 108),
(107, 0, 1, 109),
(108, 0, 1, 110),
(109, 0, 1, 111),
(110, 0, 1, 112),
(111, 0, 1, 113),
(112, 6, 1, 114),
(113, 786, 1, 115),
(114, 786, 1, 116),
(115, 786, 1, 117),
(116, 786, 1, 118),
(117, 786, 1, 119),
(118, 786, 1, 120),
(119, 786, 1, 121),
(120, 786, 1, 122),
(121, 786, 1, 123),
(122, 786, 1, 124),
(123, 786, 1, 125),
(124, 0, 1, 126),
(125, 0, 1, 127),
(126, 0, 1, 128),
(127, 0, 1, 129),
(128, 0, 1, 130),
(129, 0, 1, 131),
(130, 0, 1, 132),
(131, 0, 1, 133),
(132, 0, 1, 134),
(133, 0, 1, 135),
(134, 0, 1, 136),
(135, 0, 1, 137),
(136, 0, 1, 138),
(137, 0, 1, 139);

-- --------------------------------------------------------

--
-- Table structure for table `resp_valorposicion`
--

CREATE TABLE `resp_valorposicion` (
  `id_respuesta` bigint(20) NOT NULL,
  `respuesta` varchar(30) COLLATE utf8_spanish2_ci NOT NULL,
  `id_pregunta` int(11) NOT NULL,
  `id_evaluacion` int(11) NOT NULL
) ENGINE=InnoDB DEFAULT CHARSET=utf8 COLLATE=utf8_spanish2_ci;

--
-- Dumping data for table `resp_valorposicion`
--

INSERT INTO `resp_valorposicion` (`id_respuesta`, `respuesta`, `id_pregunta`, `id_evaluacion`) VALUES
(14, '0', 1, 7),
(15, '0', 2, 7),
(16, '0', 3, 7),
(17, '0', 4, 7),
(18, '0', 5, 7),
(19, '6', 1, 8),
(20, '6', 2, 8),
(21, '6', 3, 8),
(22, '6', 4, 8),
(23, '6', 5, 8),
(24, '9', 1, 9),
(25, '9', 2, 9),
(26, '9', 3, 9),
(27, '9', 4, 9),
(28, '9', 5, 9),
(29, '5', 1, 10),
(30, '5', 2, 10),
(31, '5', 3, 10),
(32, '5', 4, 10),
(33, '5', 5, 10),
(34, '9', 1, 11),
(35, '9', 2, 11),
(36, '9', 3, 11),
(37, '9', 4, 11),
(38, '9', 5, 11),
(39, '0', 1, 13),
(40, '0', 2, 13),
(41, '0', 3, 13),
(42, '0', 4, 13),
(43, '0', 5, 13),
(44, '0', 1, 14),
(45, '0', 2, 14),
(46, '0', 3, 14),
(47, '0', 4, 14),
(48, '0', 5, 14),
(49, '0', 1, 15),
(50, '0', 2, 15),
(51, '0', 3, 15),
(52, '0', 4, 15),
(53, '0', 5, 15),
(54, '9', 1, 16),
(55, '9', 2, 16),
(56, '9', 3, 16),
(57, '9', 4, 16),
(58, '9', 5, 16),
(59, '9', 1, 17),
(60, '9', 2, 17),
(61, '9', 3, 17),
(62, '9', 4, 17),
(63, '9', 5, 17),
(64, '9', 1, 18),
(65, '9', 2, 18),
(66, '9', 3, 18),
(67, '9', 4, 18),
(68, '9', 5, 18),
(69, '0', 1, 19),
(70, '0', 2, 19),
(71, '0', 3, 19),
(72, '0', 4, 19),
(73, '0', 5, 19),
(74, '0', 1, 20),
(75, '0', 2, 20),
(76, '0', 3, 20),
(77, '0', 4, 20),
(78, '0', 5, 20),
(79, '2', 1, 21),
(80, '2', 2, 21),
(81, '2', 3, 21),
(82, '2', 4, 21),
(83, '2', 5, 21),
(84, '0', 1, 22),
(85, '0', 2, 22),
(86, '0', 3, 22),
(87, '0', 4, 22),
(88, '0', 5, 22),
(89, '0', 1, 23),
(90, '0', 2, 23),
(91, '0', 3, 23),
(92, '0', 4, 23),
(93, '0', 5, 23),
(94, '0', 1, 24),
(95, '0', 2, 24),
(96, '0', 3, 24),
(97, '0', 4, 24),
(98, '0', 5, 24),
(99, '0', 1, 25),
(100, '0', 2, 25),
(101, '0', 3, 25),
(102, '0', 4, 25),
(103, '0', 5, 25),
(104, '0', 1, 26),
(105, '0', 2, 26),
(106, '0', 3, 26),
(107, '0', 4, 26),
(108, '0', 5, 26),
(109, '0', 1, 27),
(110, '0', 2, 27),
(111, '0', 3, 27),
(112, '0', 4, 27),
(113, '0', 5, 27),
(114, '0', 1, 28),
(115, '0', 2, 28),
(116, '0', 3, 28),
(117, '0', 4, 28),
(118, '0', 5, 28),
(119, '0', 1, 29),
(120, '0', 2, 29),
(121, '0', 3, 29),
(122, '0', 4, 29),
(123, '0', 5, 29),
(124, '0', 1, 30),
(125, '0', 2, 30),
(126, '0', 3, 30),
(127, '0', 4, 30),
(128, '0', 5, 30),
(129, '0', 1, 31),
(130, '0', 2, 31),
(131, '0', 3, 31),
(132, '0', 4, 31),
(133, '0', 5, 31),
(134, '0', 1, 32),
(135, '0', 2, 32),
(136, '0', 3, 32),
(137, '0', 4, 32),
(138, '0', 5, 32),
(139, '0', 1, 33),
(140, '0', 2, 33),
(141, '0', 3, 33),
(142, '0', 4, 33),
(143, '0', 5, 33),
(144, '0', 1, 34),
(145, '0', 2, 34),
(146, '0', 3, 34),
(147, '0', 4, 34),
(148, '0', 5, 34),
(149, '0', 1, 35),
(150, '0', 2, 35),
(151, '0', 3, 35),
(152, '0', 4, 35),
(153, '0', 5, 35),
(154, '0', 1, 36),
(155, '0', 2, 36),
(156, '0', 3, 36),
(157, '0', 4, 36),
(158, '0', 5, 36),
(159, '0', 1, 37),
(160, '0', 2, 37),
(161, '0', 3, 37),
(162, '0', 4, 37),
(163, '0', 5, 37),
(164, '0', 1, 38),
(165, '0', 2, 38),
(166, '0', 3, 38),
(167, '0', 4, 38),
(168, '0', 5, 38),
(169, '0', 1, 39),
(170, '0', 2, 39),
(171, '0', 3, 39),
(172, '0', 4, 39),
(173, '0', 5, 39),
(174, '0', 1, 40),
(175, '0', 2, 40),
(176, '0', 3, 40),
(177, '0', 4, 40),
(178, '0', 5, 40),
(179, '0', 1, 41),
(180, '0', 2, 41),
(181, '0', 3, 41),
(182, '0', 4, 41),
(183, '0', 5, 41),
(184, '0', 1, 42),
(185, '0', 2, 42),
(186, '0', 3, 42),
(187, '0', 4, 42),
(188, '0', 5, 42),
(189, '0', 1, 43),
(190, '0', 2, 43),
(191, '0', 3, 43),
(192, '0', 4, 43),
(193, '0', 5, 43),
(194, '0', 1, 44),
(195, '0', 2, 44),
(196, '0', 3, 44),
(197, '0', 4, 44),
(198, '0', 5, 44),
(199, '0', 1, 45),
(200, '0', 2, 45),
(201, '0', 3, 45),
(202, '0', 4, 45),
(203, '0', 5, 45),
(204, '0', 1, 46),
(205, '0', 2, 46),
(206, '0', 3, 46),
(207, '0', 4, 46),
(208, '0', 5, 46),
(209, '0', 1, 47),
(210, '0', 2, 47),
(211, '0', 3, 47),
(212, '0', 4, 47),
(213, '0', 5, 47),
(214, '0', 1, 48),
(215, '0', 2, 48),
(216, '0', 3, 48),
(217, '0', 4, 48),
(218, '0', 5, 48),
(219, '0', 1, 49),
(220, '0', 2, 49),
(221, '0', 3, 49),
(222, '0', 4, 49),
(223, '0', 5, 49),
(224, '0', 1, 50),
(225, '0', 2, 50),
(226, '0', 3, 50),
(227, '0', 4, 50),
(228, '0', 5, 50),
(229, '0', 1, 51),
(230, '0', 2, 51),
(231, '0', 3, 51),
(232, '0', 4, 51),
(233, '0', 5, 51),
(234, '0', 1, 52),
(235, '0', 2, 52),
(236, '0', 3, 52),
(237, '0', 4, 52),
(238, '0', 5, 52),
(239, '0', 1, 53),
(240, '0', 2, 53),
(241, '0', 3, 53),
(242, '0', 4, 53),
(243, '0', 5, 53),
(244, '0', 1, 54),
(245, '0', 2, 54),
(246, '0', 3, 54),
(247, '0', 4, 54),
(248, '0', 5, 54),
(249, '0', 1, 55),
(250, '0', 2, 55),
(251, '0', 3, 55),
(252, '0', 4, 55),
(253, '0', 5, 55),
(254, '0', 1, 56),
(255, '0', 2, 56),
(256, '0', 3, 56),
(257, '0', 4, 56),
(258, '0', 5, 56),
(259, '0', 1, 57),
(260, '0', 2, 57),
(261, '0', 3, 57),
(262, '0', 4, 57),
(263, '0', 5, 57),
(264, '0', 1, 58),
(265, '0', 2, 58),
(266, '0', 3, 58),
(267, '0', 4, 58),
(268, '0', 5, 58),
(269, '0', 1, 59),
(270, '0', 2, 59),
(271, '0', 3, 59),
(272, '0', 4, 59),
(273, '0', 5, 59),
(274, '0', 1, 60),
(275, '0', 2, 60),
(276, '0', 3, 60),
(277, '0', 4, 60),
(278, '0', 5, 60),
(279, '0', 1, 61),
(280, '0', 2, 61),
(281, '0', 3, 61),
(282, '0', 4, 61),
(283, '0', 5, 61),
(284, '0', 1, 62),
(285, '0', 2, 62),
(286, '0', 3, 62),
(287, '0', 4, 62),
(288, '0', 5, 62),
(289, '0', 1, 63),
(290, '0', 2, 63),
(291, '0', 3, 63),
(292, '0', 4, 63),
(293, '0', 5, 63),
(294, '0', 1, 64),
(295, '0', 2, 64),
(296, '0', 3, 64),
(297, '0', 4, 64),
(298, '0', 5, 64),
(299, '0', 1, 65),
(300, '0', 2, 65),
(301, '0', 3, 65),
(302, '0', 4, 65),
(303, '0', 5, 65),
(304, '0', 1, 66),
(305, '0', 2, 66),
(306, '0', 3, 66),
(307, '0', 4, 66),
(308, '0', 5, 66),
(309, '0', 1, 67),
(310, '0', 2, 67),
(311, '0', 3, 67),
(312, '0', 4, 67),
(313, '0', 5, 67),
(314, '0', 1, 68),
(315, '0', 2, 68),
(316, '0', 3, 68),
(317, '0', 4, 68),
(318, '0', 5, 68),
(319, '0', 1, 69),
(320, '0', 2, 69),
(321, '0', 3, 69),
(322, '0', 4, 69),
(323, '0', 5, 69),
(324, '0', 1, 70),
(325, '0', 2, 70),
(326, '0', 3, 70),
(327, '0', 4, 70),
(328, '0', 5, 70),
(329, '0', 1, 71),
(330, '0', 2, 71),
(331, '0', 3, 71),
(332, '0', 4, 71),
(333, '0', 5, 71),
(334, '0', 1, 72),
(335, '0', 2, 72),
(336, '0', 3, 72),
(337, '0', 4, 72),
(338, '0', 5, 72),
(339, '0', 1, 73),
(340, '0', 2, 73),
(341, '0', 3, 73),
(342, '0', 4, 73),
(343, '0', 5, 73),
(344, '0', 1, 74),
(345, '0', 2, 74),
(346, '0', 3, 74),
(347, '0', 4, 74),
(348, '0', 5, 74),
(349, '0', 1, 75),
(350, '0', 2, 75),
(351, '0', 3, 75),
(352, '0', 4, 75),
(353, '0', 5, 75),
(354, '0', 1, 76),
(355, '0', 2, 76),
(356, '0', 3, 76),
(357, '0', 4, 76),
(358, '0', 5, 76),
(359, '0', 1, 77),
(360, '0', 2, 77),
(361, '0', 3, 77),
(362, '0', 4, 77),
(363, '0', 5, 77),
(364, '0', 1, 78),
(365, '0', 2, 78),
(366, '0', 3, 78),
(367, '0', 4, 78),
(368, '0', 5, 78),
(369, '0', 1, 79),
(370, '0', 2, 79),
(371, '0', 3, 79),
(372, '0', 4, 79),
(373, '0', 5, 79),
(374, '0', 1, 80),
(375, '0', 2, 80),
(376, '0', 3, 80),
(377, '0', 4, 80),
(378, '0', 5, 80),
(379, '0', 1, 81),
(380, '0', 2, 81),
(381, '0', 3, 81),
(382, '0', 4, 81),
(383, '0', 5, 81),
(384, '0', 1, 82),
(385, '0', 2, 82),
(386, '0', 3, 82),
(387, '0', 4, 82),
(388, '0', 5, 82),
(389, '0', 1, 83),
(390, '0', 2, 83),
(391, '0', 3, 83),
(392, '0', 4, 83),
(393, '0', 5, 83),
(394, '0', 1, 84),
(395, '0', 2, 84),
(396, '0', 3, 84),
(397, '0', 4, 84),
(398, '0', 5, 84),
(399, '0', 1, 85),
(400, '0', 2, 85),
(401, '0', 3, 85),
(402, '0', 4, 85),
(403, '0', 5, 85),
(404, '0', 1, 86),
(405, '0', 2, 86),
(406, '0', 3, 86),
(407, '0', 4, 86),
(408, '0', 5, 86),
(409, '0', 1, 87),
(410, '0', 2, 87),
(411, '0', 3, 87),
(412, '0', 4, 87),
(413, '0', 5, 87),
(414, '0', 1, 88),
(415, '0', 2, 88),
(416, '0', 3, 88),
(417, '0', 4, 88),
(418, '0', 5, 88),
(419, '0', 1, 89),
(420, '0', 2, 89),
(421, '0', 3, 89),
(422, '0', 4, 89),
(423, '0', 5, 89),
(424, '0', 1, 90),
(425, '0', 2, 90),
(426, '0', 3, 90),
(427, '0', 4, 90),
(428, '0', 5, 90),
(429, '0', 1, 91),
(430, '0', 2, 91),
(431, '0', 3, 91),
(432, '0', 4, 91),
(433, '0', 5, 91),
(434, '0', 1, 92),
(435, '0', 2, 92),
(436, '0', 3, 92),
(437, '0', 4, 92),
(438, '0', 5, 92),
(439, '0', 1, 93),
(440, '0', 2, 93),
(441, '0', 3, 93),
(442, '0', 4, 93),
(443, '0', 5, 93),
(444, '0', 1, 94),
(445, '0', 2, 94),
(446, '0', 3, 94),
(447, '0', 4, 94),
(448, '0', 5, 94),
(449, '0', 1, 95),
(450, '0', 2, 95),
(451, '0', 3, 95),
(452, '0', 4, 95),
(453, '0', 5, 95),
(454, '0', 1, 96),
(455, '0', 2, 96),
(456, '0', 3, 96),
(457, '0', 4, 96),
(458, '0', 5, 96),
(459, '0', 1, 97),
(460, '0', 2, 97),
(461, '0', 3, 97),
(462, '0', 4, 97),
(463, '0', 5, 97),
(464, '0', 1, 98),
(465, '0', 2, 98),
(466, '0', 3, 98),
(467, '0', 4, 98),
(468, '0', 5, 98),
(469, '0', 1, 99),
(470, '0', 2, 99),
(471, '0', 3, 99),
(472, '0', 4, 99),
(473, '0', 5, 99),
(474, '0', 1, 100),
(475, '0', 2, 100),
(476, '0', 3, 100),
(477, '0', 4, 100),
(478, '0', 5, 100),
(479, '0', 1, 101),
(480, '0', 2, 101),
(481, '0', 3, 101),
(482, '0', 4, 101),
(483, '0', 5, 101),
(484, '0', 1, 102),
(485, '0', 2, 102),
(486, '0', 3, 102),
(487, '0', 4, 102),
(488, '0', 5, 102),
(489, '0', 1, 103),
(490, '0', 2, 103),
(491, '0', 3, 103),
(492, '0', 4, 103),
(493, '0', 5, 103),
(494, '0', 1, 104),
(495, '0', 2, 104),
(496, '0', 3, 104),
(497, '0', 4, 104),
(498, '0', 5, 104),
(499, '0', 1, 105),
(500, '0', 2, 105),
(501, '0', 3, 105),
(502, '0', 4, 105),
(503, '0', 5, 105),
(504, '0', 1, 106),
(505, '0', 2, 106),
(506, '0', 3, 106),
(507, '0', 4, 106),
(508, '0', 5, 106),
(509, '0', 1, 107),
(510, '0', 2, 107),
(511, '0', 3, 107),
(512, '0', 4, 107),
(513, '0', 5, 107),
(514, '0', 1, 108),
(515, '0', 2, 108),
(516, '0', 3, 108),
(517, '0', 4, 108),
(518, '0', 5, 108),
(519, '0', 1, 109),
(520, '0', 2, 109),
(521, '0', 3, 109),
(522, '0', 4, 109),
(523, '0', 5, 109),
(524, '0', 1, 110),
(525, '0', 2, 110),
(526, '0', 3, 110),
(527, '0', 4, 110),
(528, '0', 5, 110),
(529, '0', 1, 111),
(530, '0', 2, 111),
(531, '0', 3, 111),
(532, '0', 4, 111),
(533, '0', 5, 111),
(534, '0', 1, 112),
(535, '0', 2, 112),
(536, '0', 3, 112),
(537, '0', 4, 112),
(538, '0', 5, 112),
(539, '0', 1, 113),
(540, '0', 2, 113),
(541, '0', 3, 113),
(542, '0', 4, 113),
(543, '0', 5, 113),
(544, '6', 1, 114),
(545, '6', 2, 114),
(546, '6', 3, 114),
(547, '6', 4, 114),
(548, '6', 5, 114),
(549, '687', 1, 115),
(550, '7867', 2, 115),
(551, '678', 3, 115),
(552, '6786', 4, 115),
(553, '786', 5, 115),
(554, '687', 1, 116),
(555, '7867', 2, 116),
(556, '678', 3, 116),
(557, '6786', 4, 116),
(558, '786', 5, 116),
(559, '687', 1, 117),
(560, '7867', 2, 117),
(561, '678', 3, 117),
(562, '6786', 4, 117),
(563, '786', 5, 117),
(564, '687', 1, 118),
(565, '7867', 2, 118),
(566, '678', 3, 118),
(567, '6786', 4, 118),
(568, '786', 5, 118),
(569, '687', 1, 119),
(570, '7867', 2, 119),
(571, '678', 3, 119),
(572, '6786', 4, 119),
(573, '786', 5, 119),
(574, '687', 1, 120),
(575, '7867', 2, 120),
(576, '678', 3, 120),
(577, '6786', 4, 120),
(578, '786', 5, 120),
(579, '687', 1, 121),
(580, '7867', 2, 121),
(581, '678', 3, 121),
(582, '6786', 4, 121),
(583, '786', 5, 121),
(584, '687', 1, 122),
(585, '7867', 2, 122),
(586, '678', 3, 122),
(587, '6786', 4, 122),
(588, '786', 5, 122),
(589, '687', 1, 123),
(590, '7867', 2, 123),
(591, '678', 3, 123),
(592, '6786', 4, 123),
(593, '786', 5, 123),
(594, '687', 1, 124),
(595, '7867', 2, 124),
(596, '678', 3, 124),
(597, '6786', 4, 124),
(598, '786', 5, 124),
(599, '687', 1, 125),
(600, '7867', 2, 125),
(601, '678', 3, 125),
(602, '6786', 4, 125),
(603, '786', 5, 125),
(604, '0', 1, 126),
(605, '0', 2, 126),
(606, '0', 3, 126),
(607, '0', 4, 126),
(608, '0', 5, 126),
(609, '0', 1, 127),
(610, '0', 2, 127),
(611, '0', 3, 127),
(612, '0', 4, 127),
(613, '0', 5, 127),
(614, '0', 1, 128),
(615, '0', 2, 128),
(616, '0', 3, 128),
(617, '0', 4, 128),
(618, '0', 5, 128),
(619, '0', 1, 129),
(620, '0', 2, 129),
(621, '0', 3, 129),
(622, '0', 4, 129),
(623, '0', 5, 129),
(624, '0', 1, 130),
(625, '0', 2, 130),
(626, '0', 3, 130),
(627, '0', 4, 130),
(628, '0', 5, 130),
(629, '0', 1, 131),
(630, '0', 2, 131),
(631, '0', 3, 131),
(632, '0', 4, 131),
(633, '0', 5, 131),
(634, '0', 1, 132),
(635, '0', 2, 132),
(636, '0', 3, 132),
(637, '0', 4, 132),
(638, '0', 5, 132),
(639, '0', 1, 133),
(640, '0', 2, 133),
(641, '0', 3, 133),
(642, '0', 4, 133),
(643, '0', 5, 133),
(644, '0', 1, 134),
(645, '0', 2, 134),
(646, '0', 3, 134),
(647, '0', 4, 134),
(648, '0', 5, 134),
(649, '0', 1, 135),
(650, '0', 2, 135),
(651, '0', 3, 135),
(652, '0', 4, 135),
(653, '0', 5, 135),
(654, '0', 1, 136),
(655, '0', 2, 136),
(656, '0', 3, 136),
(657, '0', 4, 136),
(658, '0', 5, 136),
(659, '0', 1, 137),
(660, '0', 2, 137),
(661, '0', 3, 137),
(662, '0', 4, 137),
(663, '0', 5, 137),
(664, '0', 1, 138),
(665, '0', 2, 138),
(666, '0', 3, 138),
(667, '0', 4, 138),
(668, '0', 5, 138),
(669, '0', 1, 139),
(670, '0', 2, 139),
(671, '0', 3, 139),
(672, '0', 4, 139),
(673, '0', 5, 139);

-- --------------------------------------------------------

--
-- Table structure for table `usuario`
--

CREATE TABLE `usuario` (
  `nombre` varchar(50) CHARACTER SET utf8 COLLATE utf8_spanish2_ci NOT NULL,
  `direccion` varchar(250) CHARACTER SET utf8 COLLATE utf8_spanish2_ci NOT NULL,
  `ubicRef` varchar(30) CHARACTER SET utf8 COLLATE utf8_spanish2_ci NOT NULL,
  `puesto` varchar(30) CHARACTER SET utf8 COLLATE utf8_spanish2_ci NOT NULL,
  `area` varchar(30) CHARACTER SET utf8 COLLATE utf8_spanish2_ci NOT NULL,
  `numTel` varchar(10) CHARACTER SET utf8 COLLATE utf8_spanish2_ci NOT NULL,
  `id_usuario` int(11) NOT NULL
) ENGINE=InnoDB DEFAULT CHARSET=utf8 COLLATE=utf8_spanish2_ci;

--
-- Dumping data for table `usuario`
--

INSERT INTO `usuario` (`nombre`, `direccion`, `ubicRef`, `puesto`, `area`, `numTel`, `id_usuario`) VALUES
('Luis Fernando libreros ayestarán', '4 Sur #312, atlixco, puebla', 'Atlixco', 'gerente', 'seguros', '1234567890', 57),
('LUIS FERNANDO LIBREROS AYESTARÁN', '4 Sur #312, atlixco, puebla', 'Atlixco', 'CAJERO', 'SEGUROS', '1234567890', 58),
('LUIS FERNANDO LIBREROS AYESTARÁN', '4 Sur #312', 'Puebla', 'gerente', 'SEGUROS', '1234567890', 59),
('LUIS FERNANDO LIBREROS AYESTARÁN', '4 Sur #312', 'Puebla', 'CAJERO', 'SEGUROS', '1234567890', 60),
('OSWALDO RIOS MEJIA', 'PUEBLA, PUEBLA', 'PUEBLA', 'GERENTE', 'SEGUROS', '1234567890', 61),
('A', 'PUEBLA, PUEBLA', 'PUEBLA', 'CAJERO', 'SEGUROS', '1234567890', 62),
('LUIS FERNANDO LIBREROS AYESTARÁN', '4 SUR #312', 'CHOLULA', 'CAJERO', 'SEGUROS', '1234567890', 63),
('LUIS FERNANDO AYESTARáN', '4 SUR #312, ATLIXCO, PUEBLA', 'ATLIXCO', 'GERENTE', 'SEGUROS', '1234567890', 64),
('LUIS FERNANDO LIBREROS AYESTARÁN', '4 SUR #312, ATLIXCO, PUEBLA', 'PUEBLA', 'GERENTE', 'SEGUROS', '1234567890', 65),
('OSWALDO RIOS MEJIA', '4 SUR #312, ATLIXCO, PUEBLA', 'PUEBLA', 'CAJERO', 'SEGUROS', '1234567890', 66);

-- --------------------------------------------------------

--
-- Table structure for table `valorposicion`
--

CREATE TABLE `valorposicion` (
  `id_pregunta` int(11) NOT NULL,
  `resp` varchar(30) CHARACTER SET utf8 COLLATE utf8_spanish2_ci NOT NULL,
  `preguntas` varchar(100) CHARACTER SET utf8 COLLATE utf8_spanish2_ci DEFAULT NULL,
  `id_imagen` int(11) NOT NULL
) ENGINE=InnoDB DEFAULT CHARSET=utf8 COLLATE=utf8_spanish2_ci;

--
-- Dumping data for table `valorposicion`
--

INSERT INTO `valorposicion` (`id_pregunta`, `resp`, `preguntas`, `id_imagen`) VALUES
(1, 'tres', '¿Cuál es la cifra de las centenas de millar?: ', 1),
(2, 'siete', '¿Cuál es la cifra de las decenas de millón?: ', 1),
(3, 'nueve', '¿Cuál es la cifra de las unidades?: ', 1),
(4, 'cuatro', '¿Cuál es la cifra de la unidad de millón?: ', 1),
(5, 'cero', '¿Cuál es  la cifra de la decena de millar?: ', 1),
(6, 'grafica de barra', NULL, 6),
(7, 'grafica de pastel', NULL, 7),
(8, 'grafica lineal', NULL, 8);

--
-- Indexes for dumped tables
--

--
-- Indexes for table `cadenanumero`
--
ALTER TABLE `cadenanumero`
  ADD PRIMARY KEY (`id_pregunta`);

--
-- Indexes for table `evaluacion`
--
ALTER TABLE `evaluacion`
  ADD PRIMARY KEY (`id_evaluacion`),
  ADD KEY `id_usuario` (`id_usuario`);

--
-- Indexes for table `imagen`
--
ALTER TABLE `imagen`
  ADD PRIMARY KEY (`id_imagen`);

--
-- Indexes for table `numerocadena`
--
ALTER TABLE `numerocadena`
  ADD PRIMARY KEY (`id_pregunta`);

--
-- Indexes for table `numfraccion`
--
ALTER TABLE `numfraccion`
  ADD PRIMARY KEY (`id_pregunta`),
  ADD KEY `id_imagen` (`id_imagen`);

--
-- Indexes for table `opmatematicas`
--
ALTER TABLE `opmatematicas`
  ADD PRIMARY KEY (`id_pregunta`),
  ADD KEY `id_imagen` (`id_imagen`);

--
-- Indexes for table `problema`
--
ALTER TABLE `problema`
  ADD PRIMARY KEY (`id_pregunta`),
  ADD KEY `id_imagen` (`id_imagen`);

--
-- Indexes for table `resp_cadenanumero`
--
ALTER TABLE `resp_cadenanumero`
  ADD PRIMARY KEY (`id_respuesta`),
  ADD KEY `id_pregunta` (`id_pregunta`),
  ADD KEY `id_evaluacion` (`id_evaluacion`);

--
-- Indexes for table `resp_numerocadena`
--
ALTER TABLE `resp_numerocadena`
  ADD PRIMARY KEY (`id_respuesta`),
  ADD KEY `id_pregunta` (`id_pregunta`),
  ADD KEY `id_evaluacion` (`id_evaluacion`);

--
-- Indexes for table `resp_numfraccion`
--
ALTER TABLE `resp_numfraccion`
  ADD PRIMARY KEY (`id_respuesta`),
  ADD KEY `id_pregunta` (`id_pregunta`),
  ADD KEY `id_evaluacion` (`id_evaluacion`);

--
-- Indexes for table `resp_opmatematicas`
--
ALTER TABLE `resp_opmatematicas`
  ADD PRIMARY KEY (`id_respuesta`),
  ADD KEY `id_pregunta` (`id_pregunta`),
  ADD KEY `id_evaluacion` (`id_evaluacion`);

--
-- Indexes for table `resp_problema`
--
ALTER TABLE `resp_problema`
  ADD PRIMARY KEY (`id_respuesta`),
  ADD KEY `id_pregunta` (`id_pregunta`),
  ADD KEY `id_evaluacion` (`id_evaluacion`);

--
-- Indexes for table `resp_valorposicion`
--
ALTER TABLE `resp_valorposicion`
  ADD PRIMARY KEY (`id_respuesta`),
  ADD KEY `id_pregunta` (`id_pregunta`),
  ADD KEY `id_evaluacion` (`id_evaluacion`);

--
-- Indexes for table `usuario`
--
ALTER TABLE `usuario`
  ADD PRIMARY KEY (`id_usuario`);

--
-- Indexes for table `valorposicion`
--
ALTER TABLE `valorposicion`
  ADD PRIMARY KEY (`id_pregunta`),
  ADD KEY `id_imagen` (`id_imagen`);

--
-- AUTO_INCREMENT for dumped tables
--

--
-- AUTO_INCREMENT for table `evaluacion`
--
ALTER TABLE `evaluacion`
  MODIFY `id_evaluacion` int(11) NOT NULL AUTO_INCREMENT, AUTO_INCREMENT=140;

--
-- AUTO_INCREMENT for table `resp_cadenanumero`
--
ALTER TABLE `resp_cadenanumero`
  MODIFY `id_respuesta` bigint(20) NOT NULL AUTO_INCREMENT, AUTO_INCREMENT=549;

--
-- AUTO_INCREMENT for table `resp_numerocadena`
--
ALTER TABLE `resp_numerocadena`
  MODIFY `id_respuesta` bigint(20) NOT NULL AUTO_INCREMENT, AUTO_INCREMENT=686;

--
-- AUTO_INCREMENT for table `resp_numfraccion`
--
ALTER TABLE `resp_numfraccion`
  MODIFY `id_respuesta` bigint(20) NOT NULL AUTO_INCREMENT, AUTO_INCREMENT=686;

--
-- AUTO_INCREMENT for table `resp_opmatematicas`
--
ALTER TABLE `resp_opmatematicas`
  MODIFY `id_respuesta` bigint(20) NOT NULL AUTO_INCREMENT, AUTO_INCREMENT=6087;

--
-- AUTO_INCREMENT for table `resp_problema`
--
ALTER TABLE `resp_problema`
  MODIFY `id_respuesta` bigint(20) NOT NULL AUTO_INCREMENT, AUTO_INCREMENT=138;

--
-- AUTO_INCREMENT for table `resp_valorposicion`
--
ALTER TABLE `resp_valorposicion`
  MODIFY `id_respuesta` bigint(20) NOT NULL AUTO_INCREMENT, AUTO_INCREMENT=674;

--
-- AUTO_INCREMENT for table `usuario`
--
ALTER TABLE `usuario`
  MODIFY `id_usuario` int(11) NOT NULL AUTO_INCREMENT, AUTO_INCREMENT=67;

--
-- Constraints for dumped tables
--

--
-- Constraints for table `evaluacion`
--
ALTER TABLE `evaluacion`
  ADD CONSTRAINT `evaluacion_ibfk_1` FOREIGN KEY (`id_usuario`) REFERENCES `usuario` (`id_usuario`) ON DELETE RESTRICT ON UPDATE RESTRICT;

--
-- Constraints for table `numfraccion`
--
ALTER TABLE `numfraccion`
  ADD CONSTRAINT `numfraccion_ibfk_2` FOREIGN KEY (`id_imagen`) REFERENCES `imagen` (`id_imagen`);

--
-- Constraints for table `opmatematicas`
--
ALTER TABLE `opmatematicas`
  ADD CONSTRAINT `opmatematicas_ibfk_2` FOREIGN KEY (`id_imagen`) REFERENCES `imagen` (`id_imagen`);

--
-- Constraints for table `problema`
--
ALTER TABLE `problema`
  ADD CONSTRAINT `problema_ibfk_2` FOREIGN KEY (`id_imagen`) REFERENCES `imagen` (`id_imagen`);

--
-- Constraints for table `resp_cadenanumero`
--
ALTER TABLE `resp_cadenanumero`
  ADD CONSTRAINT `resp_cadenanumero_ibfk_1` FOREIGN KEY (`id_pregunta`) REFERENCES `cadenanumero` (`id_pregunta`) ON DELETE RESTRICT ON UPDATE RESTRICT,
  ADD CONSTRAINT `resp_cadenanumero_ibfk_2` FOREIGN KEY (`id_evaluacion`) REFERENCES `evaluacion` (`id_evaluacion`) ON DELETE RESTRICT ON UPDATE RESTRICT;

--
-- Constraints for table `resp_numerocadena`
--
ALTER TABLE `resp_numerocadena`
  ADD CONSTRAINT `resp_numerocadena_ibfk_1` FOREIGN KEY (`id_pregunta`) REFERENCES `numerocadena` (`id_pregunta`) ON DELETE RESTRICT ON UPDATE RESTRICT,
  ADD CONSTRAINT `resp_numerocadena_ibfk_2` FOREIGN KEY (`id_evaluacion`) REFERENCES `evaluacion` (`id_evaluacion`) ON DELETE RESTRICT ON UPDATE RESTRICT;

--
-- Constraints for table `resp_numfraccion`
--
ALTER TABLE `resp_numfraccion`
  ADD CONSTRAINT `resp_numfraccion_ibfk_1` FOREIGN KEY (`id_pregunta`) REFERENCES `numfraccion` (`id_pregunta`) ON DELETE RESTRICT ON UPDATE RESTRICT,
  ADD CONSTRAINT `resp_numfraccion_ibfk_2` FOREIGN KEY (`id_evaluacion`) REFERENCES `evaluacion` (`id_evaluacion`) ON DELETE RESTRICT ON UPDATE RESTRICT;

--
-- Constraints for table `resp_opmatematicas`
--
ALTER TABLE `resp_opmatematicas`
  ADD CONSTRAINT `resp_opmatematicas_ibfk_2` FOREIGN KEY (`id_pregunta`) REFERENCES `opmatematicas` (`id_pregunta`) ON DELETE RESTRICT ON UPDATE RESTRICT,
  ADD CONSTRAINT `resp_opmatematicas_ibfk_3` FOREIGN KEY (`id_evaluacion`) REFERENCES `evaluacion` (`id_evaluacion`) ON DELETE RESTRICT ON UPDATE RESTRICT;

--
-- Constraints for table `resp_problema`
--
ALTER TABLE `resp_problema`
  ADD CONSTRAINT `resp_problema_ibfk_1` FOREIGN KEY (`id_pregunta`) REFERENCES `problema` (`id_pregunta`) ON DELETE RESTRICT ON UPDATE RESTRICT,
  ADD CONSTRAINT `resp_problema_ibfk_2` FOREIGN KEY (`id_evaluacion`) REFERENCES `evaluacion` (`id_evaluacion`) ON DELETE RESTRICT ON UPDATE RESTRICT;

--
-- Constraints for table `resp_valorposicion`
--
ALTER TABLE `resp_valorposicion`
  ADD CONSTRAINT `resp_valorposicion_ibfk_1` FOREIGN KEY (`id_pregunta`) REFERENCES `valorposicion` (`id_pregunta`) ON DELETE RESTRICT ON UPDATE RESTRICT,
  ADD CONSTRAINT `resp_valorposicion_ibfk_2` FOREIGN KEY (`id_evaluacion`) REFERENCES `evaluacion` (`id_evaluacion`) ON DELETE RESTRICT ON UPDATE RESTRICT;

--
-- Constraints for table `valorposicion`
--
ALTER TABLE `valorposicion`
  ADD CONSTRAINT `valorposicion_ibfk_2` FOREIGN KEY (`id_imagen`) REFERENCES `imagen` (`id_imagen`);
COMMIT;

/*!40101 SET CHARACTER_SET_CLIENT=@OLD_CHARACTER_SET_CLIENT */;
/*!40101 SET CHARACTER_SET_RESULTS=@OLD_CHARACTER_SET_RESULTS */;
/*!40101 SET COLLATION_CONNECTION=@OLD_COLLATION_CONNECTION */;
